movieCd,description
20195002,"일명 서울지검 ‘막프로’! 검찰 내에서 거침없이 막 나가는 문제적 검사로  이름을 날리는 ‘양민혁’은 자신이 조사를 담당한 피의자가 자살하는 사건으로 인해  하루 아침에 벼랑 끝에 내몰린다. 억울한 누명을 벗기 위해 내막을 파헤치던 그는  피의자가 대한은행 헐값 매각사건의 중요 증인이었음을 알게 된다.   근거는 의문의 팩스 5장! 자산가치 70조 은행이 1조 7천억원에 넘어간  희대의 사건 앞에서 ‘양민혁’ 검사는 금융감독원, 대형 로펌, 해외펀드 회사가 뒤얽힌  거대한 금융 비리의 실체와 마주하게 되는데…   대한민국 최대의 금융스캔들, 사건은 아직 끝나지 않았다!"
20181434,바둑으로 모든 것을 잃은 아이 ‘귀수’ 유일하게 기대던 스승 허일도마저 잃고 홀로 살아남아 세상을 향한 복수를 계획한다. 운명의 선택은 神의 놀음판에 있다! 자신을 사지로 내몬 냉혹한 내기바둑판으로 뛰어든 귀수(권상우)는 전국을 돌아다니며 귀신 같이 바둑을 두는 자들과 대결을 펼치는데…  사활을 건 대결! 신의 한 수를 다시 두시겠습니까?
20191029,"1982년 봄에 태어나 누군가의 딸이자 아내, 동료이자 엄마로 2019년 오늘을 살아가는 ‘지영’(정유미). 때론 어딘가 갇힌 듯 답답하기도 하지만 남편 ‘대현’(공유)과 사랑스러운 딸, 그리고 자주 만나지 못해도 항상 든든한 가족들이 ‘지영’에겐 큰 힘이다.  하지만 언젠가부터 마치 다른 사람이 된 것처럼 말하는 ‘지영’. ‘대현’은 아내가 상처 입을까 두려워 그 사실을 털어놓지 못하고 ‘지영’은 이런 ‘대현’에게 언제나 “괜찮다”라며 웃어 보이기만 하는데…  모두가 알지만 아무도 몰랐던 당신과 나의 이야기"
20192083,"심판의 날 그 후, 뒤바뀐 미래  새로운 인류의 희망 ‘대니’(나탈리아 레이즈)를 지키기 위해 슈퍼 솔져 ‘그레이스’(맥켄지 데이비스)가 미래에서 찾아오고, ‘대니’를 제거하기 위한 터미네이터 ‘Rev-9’(가브리엘 루나)의 추격이 시작된다.   최첨단 기술력으로 무장한 최강의 적 터미네이터 ‘Rev-9’의 무차별적인 공격에 쫓기기 시작하던 ‘그레이스’와 ‘대니’ 앞에 터미네이터 헌터 ‘사라 코너’(린다 해밀턴)가 나타나 도움을 준다.   인류의 수호자이자 기계로 강화된 슈퍼 솔져 ‘그레이스’와 ‘사라 코너’는 ‘대니’를 지키기 위해  새로운 조력자를 찾아 나서고, 터미네이터 ‘Rev-9’은 그들의 뒤를 끈질기게 추격하는데...  더 이상 정해진 미래는 없다  지키려는 자 VS 제거하려는 자, 새로운 운명이 격돌한다!"
20197721,"비밀 경호국 최고 요원 ‘배닝’(제라드 버틀러)의 임무수행 중
 '트럼불' 대통령(모건 프리먼)을 향한 의문의 사상 최대 규모의 드론 테러가 발생한다.
 최악의 드론 테러 사건 후 '배닝'은 대통령 암살사건의 테러범으로 지목되고
 국가 영웅은 한순간에 일급 수배자가 되어 FBI에게 쫓기게 되는데...
 
 표적이 된 그가 다시 움직인다!
 숨막히는 추격! 모두가 그를 쫓는다!"
20197279,"언제나 쿨한 괴짜 엄마 ‘모티시아’부터
 사고치는 아이들이 자랑스러운 아빠 ‘고메즈’,
 부모님이 모르는 많은 걸 가진 소녀 ‘웬즈데이’,
 폭발물 실험이 취미인 막내 ‘퍽슬리’까지!
 평범치 않은 ‘아담스 패밀리’가 평범한 동네에 나타났다.
 지금껏 본 적 없는 가족의 등장에 마을 사람들은
 ‘아담스 패밀리’를 괴물로 몰아가기 시작하는데…"
20198421,"좀비로 세상이 망한지 10년,
 자신들만의 재능을 발휘하고 생존 규칙을 지키며
 여전히 꿋꿋하게 살아가고 있는 희한한 가족
 탤러해시, 콜럼버스, 위치타, 리틀록.
 
 하지만 ‘좀비랜드’에 더욱 진화한 좀비가 나타나고
 이들은 새로운 인간 생존자들과 함께 사투를 시작하는데…"
20190280,"비가 그치지 않던 어느 여름날,
 가출 소년 ‘호다카’는 수상한 잡지사에 취직하게 되고
 비밀스러운 소녀 ‘히나’를 우연히 만난다.
 
 “지금부터 하늘이 맑아질 거야”
 
 그녀의 기도에 거짓말 같이 빗줄기는 멈추고,
 사람들의 얼굴에 환한 빛이 내려온다.
 
 “신기해, 날씨 하나에 사람들의 감정이 이렇게나 움직이다니”
 
 하지만, 맑음 뒤 흐림이 찾아오듯
 두 사람은 엄청난 세계의 비밀을 마주하게 되는데…
 
 흐리기만 했던 세상이 빛나기 시작했고, 그 끝에는 네가 있었다."
20196284,"평범한 일상을 살아가던 '윤희' 앞으로 도착한 한 통의 편지. 편지를 몰래 읽어본 딸 '새봄'은 편지의 내용을 숨긴 채 발신인이 살고 있는 곳으로 여행을 제안하고, '윤희'는 비밀스러웠던 첫사랑의 기억으로 가슴이 뛴다. '새봄'과 함께 여행을 떠난 ‘윤희’는 끝없이 눈이 내리는 그곳에서 첫사랑을 만날지도 모른다는 기대를 품는데…"
20199950,"고담시의 광대 아서 플렉은 코미디언을 꿈꾸는 남자.
 하지만 모두가 미쳐가는 코미디 같은 세상에서
 맨 정신으로는 그가 설 자리가 없음을 깨닫게 되는데…
 이제껏 본 적 없는 진짜 ‘조커’를 만나라!"
20191589,"강력한 어둠의 지배자이자 무어스 숲의 수호자 ‘말레피센트’는 딸처럼 돌봐온 ‘오로라’와 ‘필립 왕자’의 결혼 약속으로 인간 세계의 ‘잉그리스 왕비’와 대립하게 된다.
 이에 요정과 인간의 오랜 연합이 깨지고 숨겨진 요정 종족 다크페이의 리더 ‘코널’까지 등장하면서 두 세계는 피할 수 없는 거대한 전쟁에 휘말리게 되는데….."
20193801,"어린시절 아버지가 남긴 트라우마에서 벗어나지 못한 대니는 자신이 가진 샤이닝 능력으로 죽음을 앞둔 이들을 돕는 닥터 슬립으로 불리며 살고 있다. 
 우연히 누구보다 강력한 샤이닝 능력을 지닌 12살 소녀 아브라 스톤을 만나게 되면서, 샤이닝 능력자들을 먹고 영원한 생명을 이어나가는 트루 낫이라는 비밀조직과 맞서게 되는데…"
20195920,"전 여친에 상처받은 ‘재훈’(김래원).  여느 때처럼 숙취로 시작한 아침,  모르는 번호의 누군가와 밤새 2시간이나 통화한 기록을 발견하게 되고   그 상대가 바로! 통성명한 지 24시간도 채 되지 않은 직장 동료 ‘선영’임을 알게 된다.   남친과 뒤끝 있는 이별 중인 ‘선영’(공효진).  새로운 회사로 출근한 첫날, 할 말 못 할 말 쏟아내며 남친과 헤어지던 현장에서 하필이면! 같은 직장의 ‘재훈’을 마주친다.  만난 지 하루 만에 일보다 서로의 연애사를 더 잘 알게 된 두 사람.  하지만 미묘한 긴장과 어색함도 잠시  ‘한심하다’, ‘어이없다’ 부딪히면서도 마음이 쓰이는 건 왜 그럴까?"
20192589,"일년에 딱 한번,
 산 사람들이 그리운 사람을 만날 수 있는 ‘죽은자의 날’
 부모님을 찾고 싶은 ‘코코’도 제단을 만들지만
 왜인지 할머니는 ‘코코’가 부모님을 찾지 못하게 한다. 
 할머니를 이해할 수 없는 ‘코코’는 부모님을 찾기 위해
 금지 된 ‘비밀의 성’으로 모험을 떠나고,
 그 곳에서 부모님의 비밀을 알고 있는 사악한 교수 ‘몰레트’를 만나는데…
 놀랍고 신비로운 모험이 기다리고 있는 죽은자들의 세상!
 과연 ‘코코’는 그리운 부모님을 만날 수 있을까?"
20196136,"36년간 수많은 전쟁터의 중심에서 치열하게 싸운 '존 람보'
 지옥 같은 전쟁 트라우마에서 벗어나
 평화로운 시간을 보내는 것도 잠시,
 딸처럼 여겼던 옆집 소녀가 멕시코 카르텔에게 납치된다.
 
 뼛속 깊이 각인되어 있던 그의 본능이 다시 깨어난다!
 
 ‘람보’는 자신의 전투 본능과 살인 무기를 총동원해
 자비 없이 적들을 처단하기 시작하는데...
 
 살아있는 액션 마스터 '람보'의 귀환
 그의 마지막 전쟁이 시작된다!"
20198184,"북극을 지키고 새로운 왕이 된 ‘빅’에게
 만능 황금열쇠를 선물한 뉴욕시!
 
 한편, 그날 저녁 은행의 금고가 털리는 사건이 발생하고,
 ‘빅’이 사건의 용의자로 누명을 쓰게 된다.
 
 한순간에 영웅에서 악당이 될 위기에 몰린 빅!
 
 하지만 ‘빅’에게는 귀염 뽀짝 북극 삼총사 ‘레밍스’와
 자신을 믿어 주는 뉴욕시의 친구들이 있다!
 
 과연, ‘빅’은 누명을 벗고, 진짜 범인을 찾을 수 있을까?"
20184483,"퍼펙트한 인생을 위해 한탕을 꿈꾸는 건달 ‘영기’(조진웅) 조직 보스의 돈 7억을 빼돌려 주식에 투자하지만, 사기꾼에게 속아 주식은 휴지조각이 되고 만다. 목숨을 부지하기 위해 어떻게든 7억을 구해야 하는 영기 앞에 까칠한 로펌 대표 ‘장수’(설경구)가 나타난다.  두 달 시한부 ‘장수’는 자신이 해야 할 일들을 도와주는 조건으로 영기에게 자신의 사망보험금을 내건 빅딜을 제안하는데…  돈 쫌 많은 로펌 대표와 폼 쫌 잡는 꼴통 건달 퍼펙트하게 다른 두 남자의 인생 최대 반전이 시작된다"
20185361,"꿈꿔왔던 싱글라이프 ‘현우’ 쪽팔림을 무릅쓰고 감행했던 이혼식 후, 드디어 싱글라이프 입성! 꿈꿔왔던 자유를 되찾은 것도 잠시... 엑스와이프 '선영'이 다시 돌아왔다. 게다가 옛 친구 '상철'까지 달고!  원치않던 싱글라이프 ‘선영’ 꼭 해야만(?)했던 이혼식 후, 어쩌다 보니 싱글라이프 입성! 원수 같던 '현우'와 헤어지긴 했지만 그 없이는 어려운 일 투성이다. 그러던 어느 날, 모든 게 완벽한 '상철'이 나타났다!  끝내고픈 싱글라이프 ‘상철’ 이상형 '선영'과의 강렬한(!) 만남 후, 잘만하면 싱글라이프 청산 가능! 얼굴, 능력 다 되지만 연애는 어떻게 하는 건지 도통 모르겠다. 별 수 없이 연애 상담을 위해 '현우'를 찾아가는데!  다시 얽혀버린 세 남녀의 출구 없는 싱글라이프가 펼쳐진다!"
20197054,"혼자 조용히 지내는 게 가장 편한 까칠한 집돌이 곰 '믹믹' 앞에 어느 날, 엄마에게 배달되어야 할 귀염뽀짝 아기 팬더가 잘못 배송된다.
 사고를 해결하기 위해 호기심지수 200% 천방지축 트러블 메이커 '오스카'(토끼), 부리에 엔진을 장착한 투머치토커 '듀크'(펠리칸), 겁 많은 두 얼굴의 쫄보 '야누스'(늑대), 꽃을 사랑하는 외로운 감성시인 '아무르'(호랑이)까지 합류하면서 야생 월드 역사상 가장 확실한 서비스의 애니멀 특송단이 완성되고, 아기 팬더의 엄마를 찾아주기 위한 이들의 거대한 모험이 시작되는데…
 
 아기 팬더의 엄마를 찾기 위해 배달의 동물들이 떴다!"
20198961,자유롭게 살아가던 왕자 할이 왕좌에 올라 전쟁으로 혼란에 빠진 영국의 운명을 짊어지며 위대한 왕으로 변모해가는 과정을 그린 영화
19910247,"미래, 인류와 기계의 전쟁은 계속 되는 가운데 
 스카이넷은 인류 저항군 사령관 존 코너를 없애기 위해
 액체 금속형 로봇인 T-1000을 과거의 어린 존 코너에게로 보낸다. 
 
 미래의 인류 운명을 쥔 어린 존 코너. 
 스카이넷의 T-1000은 거침없이 숨 가쁜 추격을 시작하는데…"
20191183,"최강의 요원 헨리(윌 스미스)는 자신과 완벽하게 닮은 의문의 요원(윌 스미스)에게 맹렬한 추격을 당한다. 
 한편 헨리와 이제 막 동료가 된 대니(메리 엘리자베스 윈스티드), 헨리의 오랜 동료 배런(베네딕트 웡)은 의문의 요원에게 
 이상한 낌새를 느끼고 정체를 파헤치기 시작하고, 그가 헨리의 DNA를 추출해 탄생한 ‘제미니 프로젝트’ 요원임을 알게 된다. 
 헨리의 전성기와 너무나 완벽하게 닮은 한 사람을 만나 충격에 빠지는 헨리와 동료들. 그들은 ‘제미니 프로젝트’를 파괴하기 위한 작전을 시작하는데…"
20194223,"열일곱, 모든 게 서툴고 어설프지만 모든 게 좋았던 시간.
 너 ♡ 나 = 최고의 우리
 내가 가장 좋아하는 계절은
 
 ‘너를 만난 여름’"
20193601,"인천상륙작전 D-1 ‘이명준’ 대위가 이끄는 유격대와 전투 경험이 없는 학도병들을 태운 문산호는 인천상륙작전의 양동작전인 장사상륙작전을 위해 장사리로 향한다. 평균나이 17세, 훈련기간 단 2주에 불과했던 772명 학도병들이  악천후 속에서 소나기처럼 쏟아지는 총알을 맞으며 상륙을 시도하는데…"
20183407,"현기증 나는 고층빌딩 숲 사무실에서 매일을 위태롭게 버티고 있는 30대 직장인 ‘서영’(천우희), 안정적인 삶을 원하지만 현실은 속수무책으로 흔들거린다. 불안정한 계약직 생활, 비밀사내 연애 중인 연인 ‘진수’(유태오)와의 불안한 관계,  밤마다 시달리는 엄마의 전화까지... 더 이상 버틸 수 없다고 느낀 그녀가 무너져내릴 때,  창 밖에서 로프에 매달린 채 그녀를 지켜보는 남자 ‘관우’(정재광)를 마주하게 된다.  “괜찮아요, 당신은 절대 떨어지지 않아요”"
20196380,"사춘기 소녀 클로이는 내키지 않는 새 집에 이사 온 뒤,
 그 곳에서 수상한 일곱 요정과 신비한 보석 ‘키스톤’을 발견한다.
 친구를 사귀고 싶은 클로이는 친해지고 싶은 학교의 ‘인싸’ 브리트니에게
 ‘키스톤’을 빌려 주고, 밤이 되자 움직이기 시작한 요정들은
 새 집과 ‘키스톤’에 얽힌 놀라운 비밀을 들려주게 되는데…
 키스톤을 잃어버린 후, 클로이의 새 집은
 먹보대장 외계 몬스터 ‘트로그’의 습격으로 아수라장이 되어버린다.
 
 과연 클로이와 일곱 요정들은 몬스터들로부터 집을 무사히 지켜낼 수 있을까?!"
20195941,"평화로운 왕국의 말괄량이 공주 ‘소피’ 언제나 명랑해 보이지만 어릴 적 잃어버린 엄마를 매일 그리워하는,  외로운 소녀이기도 하다.  일곱 살 생일을 맞이한 어느 날 ‘소피’는 호시탐탐 왕의 자리를 노리는 ‘발타샤’의 눈을 피해 궁전 안에서 놀거리를 찾던 중 신비한 마법의 책을 발견한다!  호기심에 가득 찬 ‘소피’가  마법의 책을 펼치자 풍덩! 책 속으로 빠져 들어가게 되고,  신기한 동물과 아름다운 식물로 가득한 환상의 세계로 건너가 꼬마 드래곤 ‘드랙스’를 만나게 된다!   매일 밤 마법의 책 속으로 들어가 드래곤 ‘드랙스’와 뛰놀던 ‘소피’는 원하는 모든 것을 보여 준다는 마법 거울의 비밀을 알게 되는데… ‘소피’는 과연 마법 거울로 사라진 엄마를 찾고  ‘발타샤’로부터 왕국을 지켜낼 수 있을까?!"
20197691,"예티, 빅풋, 사스콰치라 불리는 전설의 동물 유일하게 살아남은 ‘Mr. 링크’는 지구 반 바퀴 너머에 있는 일명 잃어버린 세계 ‘샹그릴라’에서 동족의 흔적이 발견됐다는 사실을 알게 된다  한편, 자칭 세계 최고의 탐험가라 주장하는 ‘라이오넬’ 전설의 동물 ‘빅풋’을 목격했다는 편지 한 통을 받고 북아메리카로 향한다 그리고 진짜로 만나게 된 전설의 동물은… 바로 ‘Mr. 링크’!  오랜 시간 숨어 살아온 ‘링크’에게는 가족을 찾기 위해 탐험가 ‘라이오넬’의 도움이 절실한 상황! 우여곡절 끝에 둘은 함께 모험을 떠나게 되는데…  미국 찍고! 유럽 돌고! 아시아 넘어!  링크와 라이오넬의 스펙터클! 글로벌 어드벤처가 시작된다!"
20184243,한때 복싱 챔피언 유망주로 화려하게 주목 받던 전직 프로복서 ‘병구’(엄태구). 그러나 한 순간의 지울 수 없는 실수로 복싱협회에서 영구 제명이 되어버린 그는 ‘박관장’(김희원)의 배려로 체육관의 허드렛일을 도맡아 하며 살아가고 있다. 다시 복싱을 시작하려는 마음은 있지만 설상가상 뇌세포가 손상되는 ‘펀치드렁크(punchdrunk)’ 진단까지 받게 된 ‘병구’. 어느 날 ‘병구’가 뿌린 전단지를 들고 체육관을 찾은 신입관원 ‘민지’(이혜리)는 복싱에 대한 ‘병구’의 순수한 열정을 발견하고 그의 든든한 지원군이 되어준다.   ‘민지’의 응원에 잊고 있었던 미완의 꿈이자 자신만의 스타일인 ‘판소리 복싱’을 완성하기로 결심한 ‘병구’는 생애 마지막이 될지도 모를 가장 무모한 도전을 시작한다.
20199446,"1969년 할리우드, 잊혀져 가는 액션스타 ‘릭 달튼’과 그의 스턴트 배우 겸 매니저인 ‘클리프 부스’는 
 과거의 영광을 되찾기 위해 고군분투하지만 새로운 스타들에 밀려 큰 성과를 거두진 못한다.
 
 그러던 어느 날 ‘릭’의 옆집에 할리우드에서 
 가장 핫한 ‘로만 폴란스키’ 감독과 배우 ‘샤론 테이트’ 부부가 이사 오자 
 ‘릭’은 새로운 기회가 생길 수도 있다고 기뻐하지만 인사조차 나누지 못한다. 
 
 형편상 더 이상 함께 일할 수 없게 된 ‘릭’과 ‘클리프’는 각자의 길을 가기로 하고 
 ‘릭’의 집에서 술을 거나하게 마시던 중 뜻하지 않은 낯선 방문객을 맞이하게 되는데…"
20194456,"‘생각이 현실을 만든다’라는 양자물리학적 신념을 인생의 모토로 삼은 유흥계의 화타 ‘이찬우’  어느 날 유명 연예인이 연루된 마약 파티 사건을 눈치챈다. “불법 없이! 탈세 없이!” 이 바닥에서도 혁신이 일어나야 한다고 믿는 그는 오랫동안 알고지낸 범죄정보과 계장 ‘박기헌’에게 이 정보를 흘린다. 단순한 사건이라고 생각했던 마약파티가 연예계는 물론 검찰, 정치계까지 연루된  거대한 마약 스캔들임을 알게 된 '이찬우'. 이제는 살기 위해 거대 권력과 맞서야 하는 상황. '이찬우’는 ‘박기헌’ 계장을 비롯해 황금인맥을 자랑하는 업계 퀸 ‘성은영’ 등 업계 에이스들과 함께 이 사건을 파헤치기로 한다.  부패 권력에 통쾌하게 맞서라! 생각은 현실을 만드니까!"
20188750,"죄수들이 탈출했다! 교도소 호송차량이 전복되고 최악의 범죄자들이 탈주하는 사상 초유의 사건이 발생한다. 이에 경찰은 수감 중인 범죄자가 흉악범을 잡는 극비 프로젝트인 ‘특수범죄수사과’를 다시 소집한다.  미친개... 다시 풉시다! ‘오구탁’(김상중) 반장은 과거 함께 활약했던 전설의 주먹 ‘박웅철’(마동석)을 찾아가고,  감성 사기꾼 ‘곽노순’(김아중)과 전직 형사 ‘고유성’(장기용)을 영입해 새로운 팀을 구성한다.  새로운 멤버들이 합류해 더욱 강력하고 치밀하고 독해진 나쁜 녀석들. 이 사건을 파헤칠수록 배후에 거대한 범죄조직이 있다는 것을 직감한 그들은 더 나쁜 놈들을 소탕하기 위해 움직이기 시작하는데…  나쁜 녀석들의 법 없는 검거작전! 놈들처럼 생각하고 놈들처럼 행동할 그들이 온다!"
20192982,"미 육군 소령  ‘로이 맥브라이드’(브래드 피트)는
 우주의 지적생명체를 찾기 위한 ‘리마 프로젝트’를 수행하다 실종된 아버지를
 영웅이라 믿으며 우주 비행사의 꿈을 키웠다. 
 
 어느 날, ‘로이’는 이상 현상으로 우주 안테나에서 지구로 추락하는 사고를 당하고
 인류를 위협할 전류 급증 현상인 이 ‘써지’ 사태가
 자신의 아버지가 벌인 위험한 실험에서 시작되었다는 이야기를 듣게 된다. 
 
 믿고 있는 모든 것이 흔들린다!
 
 아버지가 살아 있다는 충격적인 사실과 함께
 그를 막아야 한다는 임무를 맡게 된 ‘로이’는 우주로 향하게 되는데…
 
 지금껏 본 적 없는 진짜 미래를 경험하라!"
20184572,"전설적인 타짜 ‘짝귀’의 아들이자 고시생인 ‘일출’(박정민)은 공부에는 흥미가 없지만 포커판에서는 날고 기는 실력자다. 포커판에서 우연히 알게 된 ‘마돈나’(최유화)의 묘한 매력에 빠져든 일출은 그녀의 곁을 지키는 ‘이상무’(윤제문)에게 속아 포커의 쓴맛을 제대로 배운다. 돈도 잃고 자존심까지 무너진 채 벼랑 끝에 몰린 도일출, 그의 앞에 정체불명의 타짜 ‘애꾸’(류승범)가 나타난다.  거액이 걸린 거대한 판을 설계한 애꾸는 전국에서 타짜들을 불러모은다. 일출을 시작으로 셔플의 제왕 까치(이광수), 남다른 연기력의 영미(임지연), 숨은 고수 권원장(권해효)까지 무엇이든 될 수 있고, 누구든 이길 수 있는 ‘원 아이드 잭’ 팀으로 모인 이들, 인생을 바꿀 새로운 판에 뛰어드는데…  베팅을 할 때는 인생을 걸어야지! 타짜니까!"
20193807,"하루하루 힘겹게 음악을 하던 무명 뮤지션 잭. 모든 것을 포기하려던 순간, 전세계가 동시에 정전이 된다!
 다음 날 세상에선 비틀즈가 사라지고, 오직 잭만이 그들의 음악을 기억하게 된다.
 특별한 기회를 만난 잭은 세계적인 스타가 될 운명에 섰는데…"
20187322,가던 길도 멈추게 하는 심쿵 비주얼의 대복칼국수 반전미남 ‘철수’(차승원) 완벽한 외모와 달리 아이보다 더 아이 같은 그의 앞에 어느 날 어른보다 더 어른 같은 딸 ‘샛별’(엄채영)이 나타난다.  오늘 처음 봤는데… 내 딸이라고??? 누구냐 넌?!  마른하늘에 '딸'벼락 맞은 철수의 미스터리한 정체가 밝혀진다!
20195968,"말하는 대로 원하는 대로 다 들어주는 ‘비밀의 방’이 있다.
 돈, 다이아몬드, 최고급 샴페인, 반 고흐 걸작…
 원한다면 아기까지도.
 
 원하는 것은 뭐든 들어준다. 
 단, 소원은 신중하게 빌 것!
 그리고 규칙을 반드시 지킬 것!"
20193821,"평화로웠던 지구에는 타워크레인, 우주정거장이 사라지고,
 달의 뒷면에서 살던 토끼족 마을은 외계 로봇의 공격으로 위기에 처하게 된다.
 이 모든 것은 바로 지구를 정복하려는 치올라 외계인들의 공격이었던 것!
 
 평화를 수호하는 차탄과 카봇들은 달을 넘어 지구까지 혼란에 빠뜨린 
 치올라 외계 군단에 맞서기 위해 달나라로 떠나게 되는데…!
 
 지구와 달을 구하기 위한 
 카봇과 토끼족들의 지상최대 연합작전이 시작된다!"
20192804,"27년마다 아이들이 사라지는 마을 데리, 또 다시 ‘그것’이 나타났다.
 27년 전, 가장 무서워하는 것의 모습으로 나타나 아이들을 잡아먹는 그것 페니와이즈에 맞섰던 ‘루저 클럽’ 친구들은 어른이 되어도 더 커져만 가는 그것의 공포를 끝내기 위해 피할 수 없는 마지막 대결에 나선다."
20184621,"대학교 산악 동아리 에이스 출신이지만 졸업 후 몇 년째 취업 실패로 눈칫밥만 먹는 용남은 온 가족이 참석한 어머니의 칠순 잔치에서 연회장 직원으로 취업한 동아리 후배 의주를 만난다 어색한 재회도 잠시, 칠순 잔치가 무르익던 중 의문의 연기가 빌딩에서 피어 오르며 피할 새도 없이 순식간에 도심 전체는 유독가스로 뒤덮여 일대혼란에 휩싸이게 된다. 용남과 의주는 산악 동아리 시절 쌓아 뒀던 모든 체력과 스킬을 동원해 탈출을 향한 기지를 발휘하기 시작하는데…"
20181103,"1994년, 알 수 없는 거대한 세계와 마주한 14살 ‘은희’의 아주- 보편적이고 가장- 찬란한 기억의 이야기"
20181416,"""오늘 기적이 일어났어요."" 1994년 가수 유열이 라디오 DJ를 처음 진행하던 날, 엄마가 남겨준 빵집에서 일하던 미수(김고은)는 우연히 찾아 온 현우(정해인)를 만나  설레는 감정을 느끼게 되지만 뜻하지 않은 사건으로 인해 연락이 끊기게 된다.  ""그때, 나는 네가 돌아오지 않을 거라고 생각했어. 그래도 기다렸는데…"" 다시 기적처럼 마주친 두 사람은 설렘과 애틋함 사이에서 마음을 키워 가지만 서로의 상황과 시간은 자꾸 어긋나기만 한다. 계속되는 엇갈림 속에서도 라디오 ‘유열의 음악앨범’과 함께 우연과 필연을 반복하는 두 사람…   함께 듣던 라디오처럼 그들은 서로의 주파수를 맞출 수 있을까?"
20194045,"요즘 비가 오는 날이면 방울 소리와 함께 친구들이 하나 둘 씩 사라지기 시작했다. 그런데… 우리 아빠도 사라졌다! ㅠ_ㅠ  베프 ‘응심이’ ‘냠냠이’와 아빠를 찾던 그때,  미스터리한 빵 장수가 나타나 순식간에 이상한 세계로 빨려 들어왔다!  아이스크림 동산과 초콜릿 동굴이 있고 슈크림 대마왕과 바게트 병사들이 지키는  달콤하고 수상한 여기는 도대체 어디지!?"
20196850,"공식적으로만 세상을 4번 구한 전직 베테랑 경찰 ‘루크 홉스’(드웨인 존슨)
 분노 조절 실패로 쫓겨난 전직 특수요원 ‘데카드 쇼’(제이슨 스타뎀)
 99.9% 완벽히 다른 두 남자는 전 세계를 위협하는 불가능한 미션을 해결하기 위해
 어쩔 수 없이 한 팀이 되고 마는데…"
20184543,사람의 모습으로 변신하는 악마가 우리 가족 안에 숨어들면서 기이하고 섬뜩한 사건들이 벌어진다 서로 의심하고 증오하고 분노하는 가운데 구마 사제인 삼촌 '중수'가 예고없이 찾아오는데…  절대 믿지도 듣지도 마라
20193665,"물에 잠긴 고대 마야의 수중도시 '시발바'를 향해
 짜릿한 동굴 다이빙에 나선 '미아'와 친구들은
 예기치 못한 사고로 미로 같은 동굴 속에 갇혀 헤매던 중
 오랜 시간 굶주린 블라인드 샤크와 맞닥뜨리게 된다.
 
 산소도, 탈출구도 없는 칠흑 같은 어둠 속에 갇힌 이들은
 눈 보다 예민한 제3의 감각으로 좁혀오는 상어떼를 피해
 목숨을 건 극한의 숨바꼭질을 시작하는데.."
20184462,"1919년 3.1운동 이후 봉오동 일대에서 독립군의 무장항쟁이 활발해진다.  일본은 신식 무기로 무장한 월강추격대를 필두로 독립군 토벌 작전을 시작하고, 독립군은 불리한 상황을 이겨내기 위해 봉오동 지형을 활용하기로 한다.  항일대도를 휘두르는 비범한 칼솜씨의 해철(유해진)과 발 빠른 독립군 분대장 장하(류준열) 그리고 해철의 오른팔이자 날쌘 저격수 병구(조우진)는 빗발치는 총탄과 포위망을 뚫고 죽음의 골짜기로 일본군을 유인한다.  계곡과 능선을 넘나들며 귀신같은 움직임과 예측할 수 없는 지략을 펼치는 독립군의 활약에 일본군은 당황하기 시작하는데...  1920년 6월, 역사에 기록된 독립군의 첫 승리 봉오동 죽음의 골짜기에 묻혔던 이야기가 지금부터 시작된다."
20194541,"“함께라서 행복해”
 환생만 벌써 5번째! 도무지 끝날 줄 모르는 ‘베일리’의 삶에 새로운 미션이 생겼다?! 
 바로 ‘이든’의 작은 베이비 ‘씨제이’를 돌보는 것.
 
 “옆에 있어줘서 고마워”
 소꿉놀이도 해야 하고 위험한 곳에 들어가면 짖어서 알려줘야 하고, 
 ‘씨제이’와 함께 해야 할 일이 너무나도 많이 남았는데 
 ‘씨제이’는 ‘베일리’와 ‘이든’의 곁을 떠나 도시로 향한다. 
 7년 후 ‘몰리’로 다시 태어난 ‘베일리’는 우여곡절 끝에 ‘씨제이’의 집으로 입양되고 
 ‘씨제이’가 행복할 때, 슬플 때, 외로울 때 항상 옆에 있어준다.
 
 “혼자 둬서 미안해”
 주유소의 ‘빅독’으로 다시 태어난 ‘베일리’. 
 ‘씨제이’를 만나기만을 기다리지만 우연히 만나게 된 ‘씨제이’는 
 ‘베일리’를 알아보지 못하고 떠나버린다.
 
 “내 인생은 온통 너야. 사랑해”
 킁킁킁… 어디서 ‘씨제이’ 냄새 안나요? 
 ‘맥스’로 환생한 ‘베일리’는 오직 일견단심 ‘씨제이’를 기다리던 중 
 유기견 입양소에서 드디어 ‘씨제이’를 다시 만나게 된다.
 
 인생은 길고 견생은 짧다는데, 저 녀석을 끝까지 지켜줄 수 있을까?"
20185985,"조선 팔도를 무대로 풍문을 조작하고 민심을 뒤흔드는 광대패 5인방. 어느 날 조선 최고의 권력자 ‘한명회’로부터  조카를 죽이고 왕이 된 ‘세조’의 미담을 만들어내라는 명을 받는다.   광대패의 리더 ‘덕호’와 무리들은 목숨을 걸고  지금껏 듣지도 보지도 못한 놀라운 판을 짜기 시작하는데…  그들이 뜨는 순간, 역사가 뒤바뀐다!"
20194384,"< KIM > 13min
 이 영상은 오직 인터넷에 떠도는 저작권이 자유로운 자료들의 모임으로만 만들어졌다. 그들이 함께 어울려져 살아가고 있는 허구의 세계와 그들이 딛고 있는 보이지 않는 층(green screen)에 대해 표현해보고자 했다. 
 
 <삼제왕풀이> 5min
 아들을 낳기 위한 굿을 하는 집, 효진은 엄마를 괴롭히는 굿을 저지하려고 한다.
 
 <안나> 21min
 외로운 유년시절을 보낸 안나에게 영화는 친구 같은 존재다. 스스로를 영화로 위로하며 살아온 안나는 영화를 볼 때마다 하고 싶은 것이 바뀐다. 복싱, 피아노, 이번엔 탭댄스다. 탭댄스 대회를 나가기 위한 10만원, 하루 종일 편의점에서 일하는 엄마를 졸라보지만 엄마의 반응은 냉담할 뿐이다. 
 
 <아버지가방에들어가신다!> 17min
 아버지가 식물인간이 되었다. 딸은 아버지의 기억이 담긴 로봇을 가방에 넣고 함께 다닌다. 아직은 어색한 딸과 로봇 아버지의 이야기! 
 
 <거리의 가능한 불행들> 35min
 오랜 시간이 흘렀다. 그리고 어떤 과거들은 쉽게 사라지지 않는다. 형제는 20년 만에 사건이 일어났던 장소로 향한다.."
20171021,"쇼맨십의 천재 ‘에디슨’과 상상력의 천재 ‘테슬라’
 그리고 협상의 천재 ‘인설’과 비즈니스의 천재 ‘웨스팅하우스’까지.
 4 명의 천재 3 번의 격돌
 2개의 전류 1명만이 역사가 된다!"
20198323,"사건 사고가 끊이지 않는 동화의 섬. 사라진 아빠를 찾던 화이트 왕국의 공주는
 우연히 마법구두를 신고 이전과 완벽하게 다른 ‘레드슈즈’로 거듭난다.
 한편, 초록색 난쟁이가 된 일곱 왕자들은 우연히 자신들의 집에 머물게 된 '레드슈즈’가
 저주를 풀 유일한 희망이라 생각해 그녀를 돕기 시작하고, 영원한 아름다움을 꿈꾸는 왕비 ‘레지나’는
 마법구두를 신고 성을 빠져나간 ‘레드슈즈’를 쫓기 시작하는데…
 
 위기에 빠진 동화의 섬, 
 레드슈즈, 그리고 일곱 왕자들의 운명은?"
20182241,"넌 이제, 혼자가 아니야
 가슴 아픈 비밀과 소중한 약속을 간직한 ‘티라노’와 ‘프논’이
 그들만의 천국을 찾아 떠나면서 펼쳐지는
 우정, 사랑 그리고 희망에 관한 이야기"
20183844,"집을 비우면 다시 시작되는 펫들의 시크릿 라이프!
 집구석 걱정에 하루도 편할 날이 없는 ‘맥스’ 
 캣닢을 사랑하는 자유로운 영혼 ‘클로이’
 슈퍼히어로를 따라 하는 토끼 ‘스노우볼’
 완벽하게 고양이가 되고픈 강아지 ‘기젯’까지
 아직도 나만 몰랐던 마이펫들의 속마음이 공개된다!
 
 “우릴 키운다고? 그건 니 생각이고~”"
20191604,"첫 끌림
 대학 입학 후 첫 파티에 초대 받게 된 신입생 ‘테사’는
 진실게임을 하던 중 키스 벌칙에 걸리고 만다.
 상대는 학교에서 유명한 반항아 ‘하딘’.
 키스를 앞둔 0.1초 전, 모두가 주목하는 그 순간
 ‘테사’는 ‘하딘’의 입술을 거절하고 만다.
 
 첫 사랑
 강렬했던 첫 만남 이후, 마치 새로운 세상을 발견한 듯
 한번도 경험한 적 없던 감정에 눈을 뜨게 된 두 사람.
 ‘하딘’은 자신의 비밀 장소로 ‘테사’를 초대하고
 이제 두 사람은 서로를 모르기 전으로 절대 되돌아 갈 수 없음을 알게 되는데…
 
 첫 경험 그리고 <애프터>"
20188404,"8년째 공포영화를 준비하던 신인 감독 ‘미정’은 어느 날 후배로부터 지나친 잔혹함으로 인해 상영이 금지된 영화에 대해 듣는다. 실체를 추적하던 중 만난 그 영화의 감독 ‘재현’은 ""그 영화는 잊어, 죽음보다 끔찍한 인생 살기 싫으면""이라고 경고하지만 ‘미정’은 그의 경고를 무시한 채 더욱 더 그 영화에 집착한다.  이후, 이유를 알 수 없이 벌어지는 기괴하고 끔찍한 일들. 극장에 불이 꺼지는 순간, 공포는 바로 등 뒤에 있다"
20180442,"어릴 적 아버지를 잃은 뒤 세상에 대한 불신만 남은 격투기 챔피언 ‘용후’(박서준).  어느 날 원인을 알 수 없는 깊은 상처가 손바닥에 생긴 것을 발견하고, 도움을 줄 누군가가 있다는 장소로 향한다. 그곳에서 바티칸에서 온 구마사제 ‘안신부’(안성기)를 만나   자신의 상처 난 손에 특별한 힘이 있음을 깨닫게 되는 ‘용후’.  이를 통해 세상을 혼란에 빠뜨리는 악(惡)의 존재를 알게 되고, 강력한 배후이자 악을 퍼뜨리는 검은 주교 ‘지신’(우도환)을 찾아 나선 ‘안신부’와 함께 하게 되는데...!  악의 편에 설 것인가  악에 맞설 것인가  신의 사자가 온다!"
20187959,어릴 적부터 엄마와 함께 자신만의 테마파크를 만드는 것이 취미인 장난기 많고 상상력 풍부한 소녀 ‘준’은 어느 날 숲속에서 길을 잃고 헤매다 상상 속에서만 그리던 ‘원더랜드’를 발견하게 되는데...!
20183867,"머나먼 사막 속 신비의 아그라바 왕국의 시대.
 좀도둑 ‘알라딘’은 마법사 ‘자파’의 의뢰로 마법 램프를 찾아 나섰다가
 주인에게 세 가지 소원을 들어주는 지니를 만나게 되고,
 자스민 공주의 마음을 얻으려다 생각도 못했던 모험에 휘말리게 되는데…"
20193275,"서울을 시작으로 북미와 유럽까지 LOVE YOURSELF 투어를 마친 방탄소년단!
 전세계의 팬들과 함께 호흡하고 열광했던 유럽에서의 콘서트가 파리를 마지막으로 끝났다.
 
 그리고 모든 긴장이 풀어진 다음날, 파리의 작은 루프탑 테이블에서 멤버와 팬들에게 
 하지 못했던 그들만의 이야기를 나누는 작은 뒤풀이가 시작된다.
 
 방탄소년단의 솔직담백한 이야기를 한 테이블에 둘러 앉아 들을 수 있는
 설렘 가득한 시간이 펼쳐진다."
20175771,"어린 사자 ‘심바’는 프라이드 랜드의 왕인 아버지 ‘무파사’를
 야심과 욕망이 가득한 삼촌 ‘스카’의 음모로 잃고 왕국에서도 쫓겨난다.
 
 기억해라! 네가 누군지.
 
 아버지의 죽음에 대한 죄책감에 시달리던 ‘심바’는
 의욕 충만한 친구들 ‘품바’와 ‘티몬’의 도움으로 희망을 되찾는다. 
 어느 날 우연히 옛 친구 ‘날라’를 만난 ‘심바’는 과거를 마주할 용기를 얻고, 
 진정한 자신의 모습을 찾아 위대하고도 험난한 도전을 떠나게 되는데…"
20191741,"호시탐탐 알을 탐내는 식신돼마왕 ‘레너드’를 물리치고
 아싸에서 인싸가 된 버드랜드의 악동 히어로 ‘레드’
 평생 앙숙인 이들에게 ‘공공의 적’이 나타났다!
 
 얼음 공격을 퍼붓는 이글랜드의 예민 보스
 ‘제타’에 맞서기 위해 한 팀으로 뭉친 그들!
 과연 이들의 연합 작전은 성공할 수 있을까?
 
 어제는 적! 오늘은 친구? 아슬아슬한 팀플레이가 시작된다!"
20190741,"일본의 사죄를 받기 위한 김복동 할머니의 27년 간의 기나긴 여정
 포기할 수 없고, 포기해서도 안 될 희망을 위한 싸움
 결코 잊어서는 안될, 아직 끝나지 않은 이야기
 “희망을 잡고 살자. 나는 희망을 잡고 살아”"
20182490,"문자와 지식을 권력으로 독점했던 시대 모든 신하들의 반대에 무릅쓰고, 훈민정음을 창제했던 세종의 마지막 8년. 나라의 가장 고귀한 임금 ‘세종’과 가장 천한 신분 스님 ‘신미’가 만나 백성을 위해 뜻을 모아 나라의 글자를 만들기 시작한다. 모두가 알고 있지만 아무도 모르는 한글 창제의 숨겨진 이야기!  1443, 불굴의 신념으로 한글을 만들었으나 역사에 기록되지 못한 그들의 이야기가 시작된다."
20196309,"‘엔드게임’ 이후 변화된 세상,
 스파이더맨 ‘피터 파커’는 학교 친구들과 유럽 여행을 떠나게 된다.
 그런 그의 앞에 ‘닉 퓨리’가 등장해 도움을 요청하고
 정체불명의 조력자 ‘미스테리오’까지 합류하게 되면서
 전 세계를 위협하는 새로운 빌런 ‘엘리멘탈 크리쳐스’와 
 맞서야만 하는 상황에 놓이게 되는데…"
20192725,"19세기말 해적선과 함께 싱가포르 인근 바다에 가라앉았다고 전해지는
 전설의 보물 블루 사파이어 ‘감청의 권’이 모습을 드러내던 날,
 마리나 베이 샌즈 호텔에서 살인사건이 발생하고
 현장에는 피로 물든 괴도 키드의 예고장만이 남겨져 있다.
 하지만 그것은 모두를 뒤흔들 함정!
 
 절체절명에 빠진 괴도 키드는 마법 같은 술수로 여권이 없는 코난을 싱가포르로 데려간다.
 마침 싱가포르에서 개최되는 쿄고쿠 마코토의 가라테 대회를 보기 위한 란과 소노코까지 모두가 모이게 되고…
 
 코난 X 괴도 키드 X 쿄고쿠 마코토, 블루 사파이어 ‘감청의 권’
 그리고 가장 소중한 것을 지키기 위한 세 사람의 피할 수 없는 대결이 시작된다!"
20190002,"전직 기자 지금은 백수인 ‘프레드 플라스키’(세스 로건)는
 20년 만에 첫사랑 베이비시터 ‘샬롯 필드’(샤를리즈 테론)와 재회한다.
 
 그런데 그녀가!?
 미 최연소 국무 장관이자 세계에서 가장 영향력 있는 여성 중 한 명인 ‘샬롯’이
 바로 베이비시터 그녀라는 것은 믿기지 않지만 실화이다.
 
 인생에 공통점이라고는 1도 없는 두 사람.
 대선 후보로 출마를 준비 중인 ‘샬롯’은 모두의 예상을 깨고
 자신의 선거 캠페인 연설문 작가로 ‘프레드’를 고용한다.
 어디로 튈지 모르는 ‘프레드’ 때문에 선거 캠페인은 연일 비상인 가운데,
 뜻밖에 그의 스파크는 ‘샬롯’과의 로맨스로 튀어 버리는데...
 
 사고 치는데 천부적인 재능이 있는 남자,
 머리부터 발끝까지 완벽한 여자
 
 이 조합 실화?"
20184047,"장난감의 운명을 거부하고 떠난 새 친구 ‘포키’를 찾기 위해 길 위에 나선 ‘우디’는 우연히 오랜 친구 ‘보핍’을 만나고 그녀를 통해 새로운 세상에 눈을 뜨게 된다. 한편, ‘버즈’와 친구들은 사라진 ‘우디’와 ‘포키’를 찾아 세상 밖 위험천만한 모험을 떠나게 되는데…"
20183782,"전원백수로 살 길 막막하지만 사이는 좋은 기택(송강호) 가족. 장남 기우(최우식)에게 명문대생 친구가 연결시켜 준 고액 과외 자리는 모처럼 싹튼 고정수입의 희망이다. 온 가족의 도움과 기대 속에 박사장(이선균) 집으로 향하는 기우. 글로벌 IT기업 CEO인 박사장의 저택에 도착하자 젊고 아름다운 사모님 연교(조여정)가 기우를 맞이한다.  그러나 이렇게 시작된 두 가족의 만남 뒤로, 걷잡을 수 없는 사건이 기다리고 있었으니…"
20185353,"""기왕지사 이리 된 김에 사업을 해보는 게 어떻겠소?  내가 기생이 되겠단 말입니다!""  수려한 용모와 뛰어난 기예, 여심을 꿰뚫어 보는 타고난 천성의 꽃도령 ‘허색’. 그는 자신이 나고 자란 기방 ‘연풍각’이 폐업 위기에 처하자 조선 최초의 남자 기생이 되기로 결심한다.  기방결의로 맺어진 25세 괴짜 도인 ‘육갑’과 함께 기획부터 홍보까지 환상의 호흡을 자랑하며 단숨에 조선 최고의 여심스틸러로 등극한 ‘허색’.  입소문이 번지며 조선 사대부 여인들의 마음이 두근거리기 시작한다.   그러나, 승승장구한 것도 잠시 예기치 못한 인물의 등장으로 잘 나가던 ‘허색’의 사업은 삐거덕거리기 시작하는데…"
20185986,"아내가 죽은 그날의 진실을 찾고 싶은 ‘영훈’(송새벽)과 남편의 무죄를 밝히기 위해 그의 증언이 필요한 ‘다연’(유선).  ‘영훈’은 증언의 대가로 함께 진실을 찾자는 제안을 하고, ‘다연’은 남편을 구하기 위해 ‘영훈’과 사건을 쫓기 시작한다.  사건을 재구성하던 어느 날, ‘다연’은 ‘영훈’의 집에서 사라진 증거를 발견하고, ‘영훈’은 ‘다연’의 거짓말을 알게 된다.  그렇게 진실에 다가갈수록 서로를 향한 의심은 커져만 가는데…  의심을 숨긴 위험한 공조가 시작된다!"
20192222,"갑자기 알 수 없는 존재가 세상의 모든 소리를 집어 삼키고, 소리 내는 모든 인류는 공격을 당한다.
 청력을 잃은 소녀와 가족들만이 소리 없이 대화할 수 있는 그들만의 방법으로 살아남아 마지막 사투를 벌이게 되는데…
 
 공포가 들리는 순간, 거대한 재앙이 시작된다."
20191601,"평화로운 오후의 찻집, 엉덩이 탐정과 조수 브라운이 티타임을 즐기고 있을 때, 
 큰 쇼핑백을 든 뿌우람 씨가 들어온다. 
 마을에 새롭게 오픈하는 카레 가게의 사장인 뿌우람 씨는 
 카레 요리에 빠지면 안 되는 중요한 향신료 ‘알알살라’가 사라진 것을 알게 된다!
 “그게 없으면 카레를 만들 수 없어. 가게를 열 수 없어!” 
 충격으로 쓰러진 뿌우람 씨를 보고 엉덩이 탐정이 일어난다. 
 “저에게 맡겨 주십시오!”
 과연 엉덩이 탐정은 ‘화려한’ 추리로 사라진 향신료의 수수께끼에 다가설 수 있을까?
 
 <뿡뿡! 보라 부인의 암호 사건>도 함께 만나요!"
20192151,"90년에 한 번, 9일 동안 열리는 미드소마에 초대된 6명의 친구들
 선택된 자만이 즐길 수 있는 충격과 공포의 축제가 다시 시작된다"
20199951,"퇴마사 워렌 부부는 저주 받은 인형 애나벨을 발견하고
 집에 있는 오컬트 뮤지엄 진열장에 격리시킨다.
 또 다른 초자연적인 현상을 연구하기 위해 워렌 부부가 떠난 사이,
 집에 남아있던 10살 딸 주디와 베이비시터는
 ‘절대 들어가지 말라’는 경고를 어기고 마는데…
 탈출한 애나벨은 모든 악령들을 깨우고,
 잊을 수 없는 공포의 밤을 준비한다."
20196655,"전설이 된 킬러 ‘존 윅’ (키아누 리브스).
 룰을 어긴 죄로 그에게 현상금 1,400만 불이 붙고,
 전 세계 모든 킬러의 총구가 그를 향한다.
 
 국제암살자연맹의 파문 조치가 내려진 그는
 아무런 보호도 받지 못한 채 시시각각 위험에 직면하고
 결국, 마지막 전쟁을 위해 ‘소피아’(할리 베리)를 찾아가는데…
 
 출구는 없다! 평화를 원한다면, 전쟁을 준비하라!"
20198453,"거대 조직의 보스로 거침 없이 살고 있는 ‘장세출’은 철거 용역으로 나간 재건설 반대 시위 현장에서 만난 강단 있는 변호사 ‘강소현’의 일침으로  그녀가 원하는 ‘좋은 사람’이 되기로 마음 먹는다.  모든 것을 내려놓고 새사람이 되기 위해 노력하던 ‘장세출’은 우연히 버스 추락 사고에서 온 몸으로 시민을 구하며 일약 목포 영웅으로 떠오르게 되고, 예기치 못한 사건으로 국회의원에 출마하게 된다.  발로 뛰며 점점 시민의 마음을 움직인 ‘장세출’의 입지가 높아지자, 목포에서 3선을 노리던 반대파 후보 ‘최만수’는 ‘장세출’을 눈엣가시로 여기고 그를 저지하기 위해 ‘장세출’의 라이벌 조직 보스 ‘조광춘’과 손을 잡고 음모를 계획하는데…"
20190273,"희망도, 기쁨도 없는 멸망도시에서 살아가던 ‘크리스천’은
 어느 날, 한 권의 책을 통해 천국도시가 존재하며,
 곧 멸망도시가 불바다로 변할 것이라는 사실을 알게 된다.
 
 바깥세상은 죽음뿐이라는 모두의 만류를 뒤로하고
 ‘크리스천’은 천국도시를 찾아서 모험의 길로 접어 드는데…"
20182585,"대한민국을 뒤흔든 희대의 살인사건이 발생하고,  수단과 방법을 가리지 않고 범인을 잡아온 강력반 에이스 ‘한수’(이성민)는 후배 형사 '종찬'(최다니엘)과 범인을 잡기 위해 수사를 시작한다.  한편, 마약 브로커 '춘배'(전혜진)는 살인을 은폐해주는 대가로  '한수'에게 살인마에 대한 결정적인 단서를 제공하고 '한수'의 라이벌 형사 '민태'(유재명)가 이 사실을 눈치채면서 사건은 걷잡을 수 없는 방향으로 흘러가는데...!  살인마를 잡기 위해 살인을 감추다 누가 진짜 괴물인가? WHO IS THE BEAST?"
20192591,"< KIM > 13min
 이 영상은 오직 인터넷에 떠도는 저작권이 자유로운 자료들의 모임으로만 만들어졌다. 그들이 함께 어울려져 살아가고 있는 허구의 세계와 그들이 딛고 있는 보이지 않는 층(green screen)에 대해 표현해보고자 했다. 
 
 <삼제왕풀이> 5min
 아들을 낳기 위한 굿을 하는 집, 효진은 엄마를 괴롭히는 굿을 저지하려고 한다.
 
 <안나> 21min
 외로운 유년시절을 보낸 안나에게 영화는 친구 같은 존재다. 스스로를 영화로 위로하며 살아온 안나는 영화를 볼 때마다 하고 싶은 것이 바뀐다. 복싱, 피아노, 이번엔 탭댄스다. 탭댄스 대회를 나가기 위한 10만원, 하루 종일 편의점에서 일하는 엄마를 졸라보지만 엄마의 반응은 냉담할 뿐이다. 
 
 <아버지가방에들어가신다!> 17min
 아버지가 식물인간이 되었다. 딸은 아버지의 기억이 담긴 로봇을 가방에 넣고 함께 다닌다. 아직은 어색한 딸과 로봇 아버지의 이야기! 
 
 <거리의 가능한 불행들> 35min
 오랜 시간이 흘렀다. 그리고 어떤 과거들은 쉽게 사라지지 않는다. 형제는 20년 만에 사건이 일어났던 장소로 향한다.."
20192022,"뉴욕에 살고 있는 젊은 여성 ‘프랜시스’는 지하철에서 주인 없는 핸드백을 줍는다. 
 가방의 주인은 혼자 살고 있는 중년의 여인  ‘그레타’.
 
 엄마를 잃은 상실감에 빠져있던 프랜시스는 핸드백을 찾아주면서 그레타와 빠르게 가까워진다.
 저녁식사에 초대받은 프랜시스는 우연히 그레타가 핸드백을 미끼로 
 젊은 여성들과 친해진다는 소름끼치는 사실을 알게된다.
 
 그레타는 프랜시스를 집요하게 쫓아다니며 본색을 드러내기 시작하는데…"
20196657,"자신의 모습을 감추고 오랜 시간 지구를 위협해 온 외계인을 감시하는 MIB본부.
 MIB 본부에도 변화가 요구되면서 신입요원 에이전트 M(테사 톰슨)이 영입되고
 MIB 에이스 요원 에이전트 H(크리스 헴스워스)가 듀오로 결성 된다!
 그들에겐 MIB 내부의 스파이를 찾아야 하는 전대미문의 미션이 주어지는데…"
20190885,"생일 선물로 꼭 갖고 싶었던 인형을 받게 된 ‘앤디’ 늘 혼자였던 그에게 ‘처키’는 유일한 친구가 되어준다. 가장 친한 친구 ‘앤디’를 소유하고 싶은 처키는  점차 사악한 본성을 드러내기 시작하는데…  “우리, 이제 놀 시간이야”"
20182387,"어린 시절 비극적 교통사고로 자신의 능력을 알게 된 진 그레이는
 자비에 영재학교에서 새로운 가족을 맞이하게 된다.
 엄청난 잠재적 능력을 지닌 그녀는 엑스맨으로 성장해 우주에서 구조 임무를 수행하던 중
 목숨을 잃을 뻔한 사고를 겪는다. 예기치 못한 사고 이후 폭주하는 힘과
 억눌려왔던 어둠에 눈을 뜨게 된 진 그레이는 엑스맨의 가장 강력하고 파괴적인 적,
 다크 피닉스로 변하게 된다. 프로페서 X는 물론 매그니토까지 능가하는 두려운 존재가 된 그녀 앞에
 힘을 이용하려는 미스터리한 외계 존재가 나타나 그녀를 뒤흔들고,
 지금까지 엑스맨이 이뤄온 모든 것들이 무너지는 가운데
 엑스맨은 사랑하는 친구이자 가장 강력한 적이 된 다크 피닉스와 맞서야 하는데…"
20190466,"남녀 차별이 당연시되던 시대에 태어난 ‘긴즈버그’는 1950년대 하버드대학교 로스쿨에서
 전체 학생의 단 2%에 해당하는 9명의 여학생 중 한 명으로서 수석졸업을 하고 두 아이를 키우며 법대 교수가 된다.
 그리고 1970년대, 우연히 남성 보육자와 관련된 한 사건을 접하게 된다.
 긴즈버그는 이것이 남성의 역차별 사건이며 성차별의 근원을 무너뜨릴 수 있는, 50년 전쟁의 포문을 열 열쇠임을 직감한다.
 
 모두가 도저히 이길 수 없는 싸움, 패배가 확정된 재판이라 말렸지만, 긴즈버그는 남편과 딸의 지지에 힘입어 178건의 합법적 차별을 무너뜨릴 세기의 재판에 나서는데…
 
 세상을 바꿀 위대한 용기,
 모두의 평등을 위한 결정적 반전이 시작된다!"
19880001,"도시를 떠나 시골로 이사 온 ‘사츠키’와 ‘메이’는 우연히 숲속에 살고 있는 신비로운 생명체 ‘토토로’를 만나 신비한 모험을 함께 한다. 
 그러던 어느 날, 어머니의 병원에서 위태로운 소식이 도착하고 언니 ‘사츠키’가 정신없이 아빠에게 연락을 취하는 와중에 ‘메이’가 행방불명 되는데…"
20191401,"떳떳한 가장이 되기 위해 직장이 필요한 ‘델’(케빈 하트)은
 24시간 케어가 필요한 뉴욕의 주식부자 ‘필립’(브라이언 크랜스톤)과 면접을 본다.
 ‘이본’(니콜 키드먼)은 전과자에 무신경한 ‘델’이 못마땅하지만
 ‘필립’은 자신을 동정하지 않는 ‘델’을 채용한다. 
 입 떡 벌어지는 주급에 좋은 가장이 될 수 있다는 꿈에 부푼 ‘델’,
 기쁨도 잠시.. 첫 날부터 X센 극한직업이 시작되는데.."
20198291,"천재적인 음악성과 독보적인 노래로 세상을 뒤흔들며 대중을 사로잡은 ‘엘튼 존’(태런 에저튼).
 연이은 히트곡 발매와 환상적인 무대 퍼포먼스, 화려한 패션으로 가장 빛나는 시대의 아이콘으로 자리잡는다.
 그러나 인생 최고의 순간, 어린 시절부터 자신의 진가를 알아봐주지 못한 부모에 대한 상처와 사랑했던 친구의 배신에 무대 뒤에 숨겨진 또 다른 자신과 마주하게 되는데…"
20184889,인피니티 워 이후 절반만 살아남은 지구 마지막 희망이 된 어벤져스 먼저 떠난 그들을 위해 모든 것을 걸었다!  위대한 어벤져스 운명을 바꿀 최후의 전쟁이 펼쳐진다!
20188941,"우연히 연쇄살인마의 표적이 되었다 살아난 조직 보스 장동수와  범인잡기에 혈안이 된 강력반 미친개 정태석.  타협할 수 없는 두 사람이 연쇄살인마 K를 잡기 위해 손잡는다.   표적은 하나, 룰도 하나! 먼저 잡는 놈이 갖는다!"
20184865,"고질라의 샌프란시스코 공격으로 인해 아들을 잃은 상처로 엠마와 마크, 딸 매디슨 가족은 슬픔 속에 살고 있다.
 미지의 생물을 연구하는 모나크 소속 과학자인 엠마는
 또 다른 공격에 대비해 거대 괴수와 소통하는 주파수를 발견한다.
 그러나 괴수들을 조종해 지구를 초토화 시키려는 테러 세력에게 딸 매디슨과 납치되고,
 주파수로 모스라, 로단, 기도라 등 고대 괴수들이 하나 둘 깨어난다.
 역대급 재난 상황에서 인류의 생존 자체조차 불투명해지고,
 여기에 강력한 고질라의 등장으로 괴수들의 대결은 새로운 국면을 맞이한다.
 또 다시 최악의 위기를 맞은 가족들은 어떻게든 함께 위험을 헤쳐나가야만 하는데..."
20199063,"평화롭던 바다 왕국. 어느 날, 정체불명의 해저몬스터가 출몰해 화물선을 잇달아 파괴하며 바다왕국을 온통 공포로 몰아넣는다. 용감한 아기상어 메이와 바닷속 친구들은 몬스터를 잡기 위해 동화 속 해저2만리로 탐험을 떠나기로 한다. 하지만 탐험을 시작하기도 전에 메이가 그만 해저몬스터에게 납치되고 마는데… 아빠상어 빅샤크와 꼬마잠수함 올리와 베스, 수달 보보, 그리고 해마친구들은 위험에 빠진 아기상어를 구하기 위해 깊은 바다 밑 해저 2만리 속으로 신비하고도 짜릿한 모험을 시작한다!"
20188144,"에디슨의 마지막 발명품, 유령 탐지기? “증명할 수 없는 미스터리란 없다” 가지 말라는 곳에 가야 하는 이유가 있다  세상에 일어나는 초자연 미스터리를 분석하는 동아리 0.0MHz 멤버들이 귀신을 부르는 주파수를 증명하기 위해 우하리의 한 흉가를 찾은 후 기이한 현상이 멈추지 않는데…"
20184082,"마약단속반의 에이스 여형사 콤비 ‘아야카’와 ‘유리에’. 
 두 사람은 집안환경, 성격, 수사 방식, 그리고 섹스까지 완전히 정반대지만, 
 완벽한 호흡으로 수많은 범죄자들을 체포한 검거율 최고의 수사관이다. 
 최근 신형 마약 생산과 유통 경로를 쫓는 두 사람의 수사선상에 오른 것은 ‘아야카’의 경찰동기이자 버진 브레이커 첫 남자 ‘호시’였다. 
 수사관으로서의 사명과 다시 타오르는 사랑 사이에서 흔들리는 ‘아야카’. 
 한편, 자유분방하게 남자들과 관계를 맺던 ‘유리에‘에게도 운명적 만남이라는 위험이 다가오는데..."
20199448,당신에게 찾아온 뜨거운 질문! “당신은 이 아이를 외면하시겠습니까?”  인생 최대 목표는 오직 성공뿐인 변호사 ‘정엽’ 주변에 무관심한 그에게 ‘다빈’과 ‘민준’ 남매가 자꾸 귀찮게 얽힌다. 오랫동안 기다렸던 대형 로펌 합격 소식을 듣게 된 ‘정엽’은 믿을 수 없는 사실을 알게 된다. 10살 소녀 ‘다빈’이 7살 남동생을 죽였다는 충격적인 자백 뒤늦게 미안함을 느낀 ‘정엽’은 자신의 모든 것을 걸고 ‘다빈’의 엄마 ‘지숙’에게 숨겨진 진실을 밝히려고 하는데…
20198597,"""하나님, 저희 가정 이러다 다 죽게 생겼습니다. 주님 살려주세요…""
 
 딸 아이를 출산하고, 산후조리원에서 나오는 날 들려온 남편의 4기 대장암 소식, 
 갑작스러운 어머니의 죽음, 항암치료가 종료된 지 일주일도 채 안되어 알게 된 
 아내의 4기 혈액암… 잠시도 숨 쉴 틈 없이 밀려오는 고난에 부부는 깊은 탄식과 
 함께 기도로 매달리는 것밖에는 할 수 없었다. 
 
 ""내 안의 나는 죽고 오직 예수님만 사는 삶…""
 
 마치 '욥'과도 같은 인생. 이해할 수조차 없는 기막힌 상황에도 남편 이관희는 
 그 누구도 원망하지 않고 절대로 '주님'에 대한 신뢰를 거두지 않았다. 
 삶과 죽음의 경계에 서 있는 그는 무엇을 바라보았을까. 어떻게 그런 고백을 할 수 있었을까.
 하루라도 더 '온전한' 삶을 살기 위해 몸부림쳐갔던 이관희 집사의 순전한 믿음이 스크린을 통해서 펼쳐진다."
20199822,"어느 날, 간절히 아기를 원하던 부부에게 찾아온
 다른 세계의 소년 ‘브랜든’
 부모의 보살핌 속에 평범하게 자라던 중
 자신에게 숨겨진 강력한 힘을 깨닫게 되면서
 인류를 위협할 사악한 본성을 드러내기 시작하는데…
 
 그는 과연 축복인가, 재앙인가?"
20187981,"밤늦게 귀가하는 여성을 강간했다는 죄목으로 기소된 어느 막노동자에 대한 재판. 최종 변론이 끝난 후 7명의 배심원들이 피고인의 유무죄를 놓고 각자의 편견을 드러내며 토론을 벌인다. 
 
 제6회 속초국제장애인영화제 대상 (2019)
 제2회 제주혼듸독립영화제 배우 고서희 연기상 (2019)"
20198598,"기억을 잃은 채 깨어난 피카츄, 난 누구? 여긴 어디? 
   유일한 단서는 탐정모자에 적힌 해리란 이름과 주소. 
   주소 속 아파트에서 자신의 말을 유일하게 알아 듣는, 
   실종된 해리의 아들 팀 굿맨을 만나게 된다. 
   명탐정의 촉으로 이건 그야말로 대.박.사.건! 
   사라진 아빠를 찾기 위해 피카츄와 떠나는 기상천외한 모험이 시작된다. 
   피카피카!"
20185784,"비상한 두뇌를 가졌지만 동생 ‘동구’ 없이는 아무 데도 못 가는 형 ‘세하’(신하균), 뛰어난 수영실력을 갖췄지만 형 ‘세하’ 없이는 아무것도 못 하는 동생 ‘동구’(이광수). 이들은 피 한 방울 섞이지 않았지만 20년 동안 한 몸처럼 살아온 ‘특별한 형제’다.  어느 날 형제의 보금자리 ‘책임의 집’을 운영하던 신부님이 돌아가시자 모든 지원금이 끊기게 되고, 각각 다른 장애를 가진 두 사람은 헤어질 위기에 처하고 만다.  세하는 ‘책임의 집’을 지키고 동구와 떨어지지 않기 위해 구청 수영장 알바생이자 취준생 ‘미현’(이솜)을 수영코치로 영입하고, 동구를 수영대회에 출전시켜 사람들의 이목을 집중시키는 데 성공한다.  헤어지지 않을 수 있다는 희망을 본 것도 잠시, 예상치 못한 인물이 형제 앞에 등장하면서 형제는 새로운 위기를 겪게 되는데...!"
20198183,"전설 속 보물을 찾아 떠난 뽀로로와 친구들은
 우연히 손에 넣은 지도를 따라 신비의 보물섬에 도착한다.
 
 그곳에서 사라진 실버 선장을 만나
 비밀을 간직한 보물섬의 수수께끼를 풀어내지만,
 악당 블랙 선장과 보물섬의 괴물로 인해 위기에 빠지는데...
 
 과연 뽀로로와 친구들은 전설의 보물을 찾을 수 있을까?"
20185384,"100여 년 전통의 아름다운 초호화 호텔 타지는 오늘도 전 세계에서 온 수백 명의 사람들과 직원들로 북적인다.
 다양한 사람들이 호텔 안에서 저녁시간을 보내던 그 때 거대한 폭발음이 들리고 혼비백산한 인파가 호텔로 몰려온다.
 그리고 그들과 함께 커다란 배낭을 멘 젊은 청년 몇몇이 호텔로 들어오는데…"
20197503,"마담 블랑의 무용 아카데미에 들어가기 위해 미국에서 베를린으로 찾아온 소녀 수지
 그리고 그 곳에서 겪는 기이하고 놀라운 경험"
20197147,"춤과 노래가 멈추지 않는 행복 마을 ‘어글리 빌’에 사는 
 사랑둥이 인싸돌 ‘모씨’는 마을 바깥에 어떤 세상이 있을지 늘 궁금해한다.
 모씨는 친구 ‘어글리 독’, ‘웨이지’, ‘럭키 뱃’, ‘바보’와 함께 파이프 건너편으로 모험을 떠나기로 결심하고
 외모도 성격도 너무 완벽한 ‘퍼펙션 스쿨’의 ‘루’와 ‘맨디‘를 만나 새롭고 짜릿한 세상을 경험한다!
 퍼펙션 스쿨에서 최고의 애착 인형이 되기 위한 스파르타 수업에 몰두하던 이들은
 인형들의 숨겨진 진실을 마주하고 마는데…
 
 어글리 돌의 씽~얼롱 어드벤처가 시작된다!"
20169323,"전문적인 건축교육을 받지 못했지만, 타고난 예술성과 도전정신으로 실력을 인정받은 안도 타다오. 
 고교시절엔 복서로, 청년시절엔 건축 현장에서 치열한 나날을 보냈던 그는
 우연히 서점에서 설계도면을 본 후, 건축가의 꿈을 안고 유럽으로 향한다.
 현장에서 익힌 건축지식을 기반으로 콘크리트를 연구한 끝에
 누구도 만들 수 없는 건축물을 만들며 노출 콘크리트의 거장이 된 그의 이야기가 시작된다!"
20183096,"밤이 짧고 달이 둥근 여름이 오고 꼬마 회색 늑대의 생일도 다가온다. 꼬마 늑대는 생일 파티에 빠질 수 없는 촛불이 꽂힌 크림 케이크를 꿈꾸지만 숲에서 케이크를 찾기란 하늘의 별 따기. 하지만 숲의 친구들은 뛰어난 상상력과 사랑으로 늑대가 원하는 케이크를 준비한다. 꼬마 늑대에겐 축하를, 그의 친구들에겐 환호를!
 
 [제5회 서울국제음식영화제]"
20181877,"1995년, 공군 파일럿 시절의 기억을 잃고
 크리족 전사로 살아가던 캐럴 댄버스(브리 라슨)가 지구에 불시착한다.
 쉴드 요원 닉 퓨리(사무엘 L. 잭슨)에게 발견되어 팀을 이룬 그들은
 지구로 향하는 더 큰 위협을 감지하고
 힘을 합쳐 전쟁을 끝내야 하는데…"
20060347,"1944년 스페인, 내전은 끝났지만 숲으로 숨은 시민군은 파시스트 정권에 계속해서 저항했고 그들을 진압하기 위해 정부군이 곳곳에 배치된다.
 ‘오필리아’는 만삭의 엄마 ‘카르멘’과 함께 새아버지 ‘비달’ 대위가 있는 숲속 기지로 거처를 옮긴다.
 정부군 소속으로 냉정하고 무서운 비달 대위를 비롯해 모든 것이 낯설어 두려움을 느끼던 오필리아는 어느 날 숲속에서 숨겨진 미로를 발견한다.
 그리고 그곳에서 자신을 “산이고 숲이자 땅”이라 소개하는 기괴한 모습의 요정 ‘판’과 만난다.
 
 오필리아를 반갑게 맞이한 판은, 그녀가 지하 왕국의 공주 ‘모안나’이며 보름달이 뜨기 전까지 세 가지 임무를 끝내면 돌아갈 수 있다고 알려주면서 미래를 볼 수 있는 “선택의 책”을 건넨다.
 오필리아는 전쟁보다 더 무서운 현실 속에서 인간 세계를 떠나 지하 왕국으로 돌아가기로 결심하게 되는데…
 
 용기, 인내, 그리고 마지막 임무…
 판의 미로가 다시 열리고, 환상과 현실의 경계가 무너진다!"
20199736,"갈매기 가족의 둥지에서 자란 칼새의 새끼 ‘마누’는
 갈매기 비행 학교에서 가르치는 비행법에 적응하지 못한
 미운 아기 새가 되고 만다.
 갈매기 대장 ‘칼리프’는 열등생 ‘마누’를 둥지에서 쫓아내려 하고,
 ‘마누’는 갈매기들과 다시 가족이 되기 위해
 깃털 친구들의 도움을 받아 날기 대회 1등에 도전하기로 하는데…
 
 가족과 함께하기 위해 둥지를 탈출한 ‘마누’
 과연 미운 아기 새에서 벗어나 하늘 높이 날아 오를 수 있을까?!"
20183454,"1973년, 애나는 남편 없이 두 아이와 살고 있다. 사회복지사인 애나가 담당하던 한 여인의 아이들이 불의의 사고로 목숨을 잃자, 그녀는 이것이 ‘요로나’의 짓이라면서 애나에게도 똑같은 저주가 내릴 것이라 예언한다. 
 어느 날부터인가 울음소리가 들려오고 의문의 존재가 아이들을 위협하는데... 
   
 전 세계가 벌벌 떤 최강 물귀신, 
 요로나의 울음소리가 들리면 절대 벗어날 수 없다!"
20180825,"같은 학교 2학년 주리(김혜준)와 윤아(박세진)가 학교 옥상에서 만났다.  최근 주리의 아빠 대원(김윤석)과 윤아의 엄마 미희(김소진) 사이에 벌어진 일을 알게 된 두 사람. 이 상황이 커지는 것을 막고 싶은 주리는 어떻게든 엄마 영주(염정아) 몰래 수습해보려 하지만 윤아는 어른들 일에는 관심 없다며 엮이지 않으려 한다.  그 때, 떨어진 주리의 핸드폰을 뺏어든 윤아는 영주의 전화를 받아  그 동안 감춰왔던 엄청난 비밀을 폭로해 버리고, 이를 본 주리는 멘붕에 빠지게 되는데…   폭풍 같은 사건을 마주한 두 가족의 이야기가 시작된다."
20198982,"전라도 어느 섬마을, 기강과 기순 남매의 엄니 ‘순옥’(김해숙) 깡다구 하나는 알아주는 순옥의 사고뭉치 아들 ‘기강’(손호준)  “엄니, 두고 보소. 내가 어떤 놈이 돼서 돌아오는지” 집을 나간 기강은 무모한 성공만을 꿈꾸다, 결국 범죄자로 전락해 사형을 선고 받게 된다.  정부는 엄정한 법집행을 이유로 사형집행을 발표하고, 언제 죽을지 모른다는 불안과 공포로 자포자기한 기강에게 평생 까막눈으로 살아온 엄니의 생애 첫 편지가 도착하는데…… “세상이 아무리 욕해도… 나는 너를 사랑한다. 난 니 엄니께”"
19990220,"세계적인 스타이자 지구상에서 가장 아름다운 여자 ‘애나 스콧’
 런던의 노팅 힐에서 여행 전문 서점을 운영하는 남자 ‘윌리엄 태커’
 아주 평범한 사랑을 기다리는 그녀와 너무 특별한 사랑이 두려운 그의 
 꿈 같은 로맨스가 다시, 시작된다! 여기 노팅 힐에서…"
20176103,"커다란 달이 유난히 낮게 뜬 어느 날, 
 죽은 자들이 깨어난다.
 커피, 와인, 와이파이를 찾아 동네를 누비며 
 사람들을 공격하기 시작하는 좀비들.
 
 이제 마을의 평화는 경찰 클리프(빌 머레이)와 로니(아담 드라이버), 민디(클로에 세비니) 
 그리고 장의사 젤다(틸다 스윈튼)에게 달려있다."
20198104,"이것은 실화다, 
 그는 역사상 가장 비밀스러운 권력자였으므로 
 혹은 실화에 가까운 이야기다. 
 
 대기업의 CEO에서 펜타곤 수장을 거쳐 
 미국 부통령까지 오른 딕 체니(크리스찬 베일). 
 재임 시절, 보이지 않는 이면에서 그가 내린 결정들은 세계의 흐름을 바꿔 놓았고 
 뒤바뀐 역사는 다시는 회복될 수 없는 시간에 묻혀버렸다. 
 
 이제 그가 바꾼 글로벌한 역사의 변곡점들을 추적한다."
20185406,"'헬보이' 자신이 소속된 B.P.R.D의 임무로
 영국의 한 비밀 단체의 괴수 사냥을 도우러 갔지만 되려 공격을 당하고,
 곧 영국에서 어마어마한 일이 벌어지고 있다는 것을 알게 된다.
 서기 517년, 아서왕에게 패하고 몸이 6조각으로 나뉘어 봉인된 '블러드 퀸'을 다시 부활시켜
 인류를 파멸시키려는 초자연적 빌런들에 의해 영국은 물론 전 세계가 위험에 빠지게 된다.
 헬보이는 이들에 맞서 인류를 위험으로부터 구해야만 하는데…
 
 * B.P.R.D(Bureau of Paranormal Research & Defense): 초자연 현상 연구 방위국"
20182501,회사 주차장에서 납치 당한 여자(강예원)가 자신을 조여오는 감시를 피해 필사의 탈주를 감행하는 공포 스릴러
20198844,"평범한 주부 ‘라일리’(제니퍼 가너)는 딸의 10번째 생일날
 마약 조직원들의 총격에 눈앞에서 남편과 딸을 잃는다.
 충격에서 깨어난 ‘라일리’는 증인석에서 범인을 지목하지만, 부패한 판사는 이들을 풀어준다.
 
 5년 후, 총격 사건과 연관 있는 인물들이 하나 둘씩 살해당하고
 언론과 경찰은 거액의 돈과 함께 사라진 ‘라일리’를 범인으로 지목하는데…"
20196244,"솔로몬의 지혜, 헤라클레스의 힘, 아틀라스의 체력, 제우스의 권능, 아킬레스의 용기, 머큐리의 스피드까지
 우연히 슈퍼 파워를 얻게 된 소년. 자신의 능력을 깨닫고 악당을 물리치는 슈퍼히어로로 다시 태어난다!
 
 주문을 외쳐라, ‘샤잠’!"
20185352,"우리는 누구인가?
 엄마, 아빠, 딸, 아들
 그리고 다시
 엄마, 아빠, 딸, 아들…"
20197423,"갑작스런 사고로 딸 엘리를 잃은 크리드(제이슨 클락)는 죽은 것이 살아 돌아온다는 애완동물 공동묘지에 딸을 묻게 되고, 어딘가 다른 모습으로 돌아온 엘리는 무시무시한 공포의 대상이 되어 가족들의 숨통을 조여오는데……"
20183773,"내가 좋아하는 사람이 
 날 좋아할 확률은 얼마나 될까?
 ♥
 A반 남신 ‘장즈수’와
 처음 본 순간 KISS한 F반 ‘위안샹친’!
 수학처럼 안 풀려도 절대 포기할 수 없는
 확률 0% 멀고도 용감한 짝사랑 일대기"
20198403,"접근 금지
 허그 금지
 키스 금지
 이 로맨스 성공할 수 있을까?
 
 같은 병을 가진 사람끼리 6피트 이하 접근해서도, 접촉도 해선 안되는
 CF(낭포성 섬유증)를 가진 ‘스텔라’와 ‘윌’
 
 첫눈에 반한 두 사람은 서로를 위해 안전거리를 유지하려고 하지만 그럴수록 더욱 빠져든다.
 
 손을 잡을 수도 키스를 할 수도 없는 그들은
 병 때문에 지켜야 했던 6피트에서 1피트 더 가까워지는 걸 선택하고
 처음으로 용기를 내 병원 밖 데이트를 결심한다.
 
 그러나 갑자기 숨을 쉬지 못하는 ‘스텔라’.
 ‘윌’은 그녀를 살리기 위해 안전거리를 어기게 되는데…"
20196025,"몸보다 훨씬 큰 귀를 가지고 태어나, 뒤뚱거리는 모습으로 서커스단의 웃음거리가 된 ‘덤보’.
 어느 날 왕년의 서커스 스타 ‘홀트(콜린 파렐)’와 그의 아이들, 밀리와 조가 ’덤보’가 하늘을 날 수 있다는 것을 알게 되고, 유능한 사업가 ‘반데비어(마이클 키튼)’가 ‘덤보’를 스타로 만들기 위해 접근한다.
 매력적인 공중 곡예사 ‘콜레트(에바 그린)’와 함께 하늘을 날게 된 ‘덤보’는 그의 친구들과 함께 환상적인 쇼를 둘러싼 어둠의 비밀을 발견하게 되는데…"
20197092,"75세 조남봉과 71세 이매자는 치매 부부입니다 결혼 45년차, 몸도 마음도 닮아진 부부는  이제 세상에 단 둘만 있는 것처럼 삽니다 매일 기억이 흐릿해지지만, 먹고 사느라  잊었던 로망은 점점 더 선명해집니다  “올 것이 왔다 싶으니까 아무렇지도 않아요”"
20198146,"프랑스 생 소뵈르 작은 마을의 소녀 콜레트
 바람둥이 소설 편집자 윌리와 사랑에 빠져 파리에 왔지만 기대만큼 행복하지 않다
 파리의 콧대 높은 사교계와 화려하기만 한 물랑루즈에 지쳐갈 무렵
 경제적 어려움에 처한 윌리의 부탁으로 자신의 경험을 녹인 소설을 쓰게 된다
 
 콜레트의 소설은 남편의 이름으로 출판되어 베스트셀러에 오르고
 급기야 소설 속 주인공 이름을 딴 브랜드까지 런칭,
 모든 상품들을 완판시키며 신드롬을 일으킨다
 패션, 헤어스타일까지 유행을 이끌며 최고의 인플루언서가 되지만
 모든 성공과 명예는 남편 윌리에게 돌아간다
 남편 뒤에 숨어있던 콜레트는 용기를 내어 자신의 존재를 드러내기로 결심하는데…
 
 더 이상 사랑을 위해 희생하지 않고,
 남들의 시선을 위해 치장하지 않기로 결심한 콜레트!
 그녀가 이제, 진짜 세상으로 당당히 걸어 나온다!"
20197846,"뒷돈은 챙기고, 비리는 눈감고, 범죄는 사주하는 악질경찰 조필호(이선균), 급하게 목돈이 필요했던 그는 경찰 압수창고를 털 계획을 세운다. 그러나 사건 당일 밤, 조필호의 사주를 받아 창고에 들어간 한기철(정가람)이 의문의 폭발사고로 죽게 되고, 필호는 유일한 용의자로 지목된다. 설상가상 거대기업의 불법 비자금 자료까지 타버려 검찰의 수사선상에도 오른다. 위기에서 벗어나기 위해 사건을 쫓던 중, 폭발사건의 증거를 가진 고등학생 미나(전소니)와 엮이게 되고 빙산의 일각에 불과한 거대한 음모와 마주치게 되는데……   나쁜 놈 위, 더 나쁜 놈이 지배하는 세상 과연 그는 모든 것을 전복시킬 반격에 성공할 수 있을까?"
20175407,"아들의 사고로 정치 인생 최악의 위기를 맞게 된 남자     청렴한 도덕성으로 시민들의 뜨거운 지지를 받으며 차기 도지사로 주목받고 있는 도의원 구명회(한석규), 어느 날 아들이 교통사고를 내고 이를 은폐한 사실을 알게 된다. 신망받는 자신의 정치 인생이 무엇보다 중요했던 그는 아들을 자수시킨다.     목숨 같은 아들이 죽고 진실을 쫓는 아버지     오직 아들만이 세상의 전부인 유중식(설경구)은 지체 장애 아들 부남을 위해서라면 못할 것이 없다. 자신의 모든 것인 아들이 갑자기 교통사고를 당해 싸늘한 시체로 돌아오자 절망에 빠진다.  사고 당일 아들의 행적을 이해할 수 없고, 함께 있다 자취를 감춘 며느리 최련화(천우희)를 찾기 위해 경찰에 도움을 청하지만 그의 말을 들어주는 사람은 없다. 아들의 죽음 너머에 드리운 비밀을 밝히기 위해 중식은 홀로 사고를 파헤치기 시작한다.     사건 당일 비밀을 거머쥔 채 사라진 여자     한편 그날 밤 사고의 진실을 유일하게 알고 있는 최련화, 부남과 함께 있다 연기처럼 사라져버린 그녀에게는 아무도 알지 못하는, 알아서도 안 될 진실이 숨겨져 있는데…     그날의 사고로 모든 것은 시작되었다!"
20166301,"Chapter1. 예상 밖의 삐그덕 결혼 20년 차에도 식을 줄 모르는 사랑을 나누는 뜨거운 부부 준호(박희순)와 유미(진경), 그러나 이들의 두 자녀 아들 철원(장성범)과 딸 경주(윤보라)는 성인이 되었지만 뜻밖의 신체적 문제로 사랑을 하는 것이 세상 어렵다.  Chapter2. 삐그덕 쿵이 멈췄다! 늦둥이 막내딸 진해(이고은)에게는 매일 밤 부모의 침실에서 들려오는 소리 ‘삐그덕 쿵’이 ‘가족의 행복전선 이상무’를 알리는 신호였다. 그러던 어느 날, 옆집에 아빠의 친구라는 예쁜 아줌마 미희(황우슬혜)가 이사를 오고  엄마의 불 같은 오해(!)가 시작되는데. 그날 밤부터 ‘삐그덕 쿵’ 소리가 멈추고 가족의 행복발전소 가동이 멈췄다!  매일 사랑하고 영원히 사랑하고 싶었던 ‘로맨틱 가족’에게 닥친 최대의 위기! 가족의 행복을 찾기 위한 막내딸 진해의 대단한 작전이 시작된다!"
20197483,"100년 전, 소녀들이 대한독립을 위해 세상에 맞서기 시작했다.
 우리가 기억해야 할 그 시절 모든 소녀들의 이름,
 그녀들이 남긴 그날의 가장 생생한 기록!"
20197283,"거액의 상금이 걸린 방탈출 게임에 초대된 6명의 사람들.
 성별, 연령, 출신도 모두 다른 이들은 오직 초대장만을 가지고
 세계 최고의 방탈출 게임 회사 ‘미노스’에 모인다.
 
 하지만 초대자는 나타나지 않고, 예고도 없이 시작되는 게임.
 불태워 죽일 듯이 순식간에 방안의 온도가 상승하고
 6명의 참가자는 탈출하기 위해 단서를 찾기 시작한다.
 
 죽음의 공포 속에서 아슬아슬하게 다음 방으로 넘어간 참가자들은
 오븐 룸, 아이스 룸, 업사이드다운 룸, 포이즌 룸, 일루전 룸, 크러쉬 룸을 거치며
 이것이 평범한 게임이 아니란 걸 알게 되는데…"
20197356,"평생 가족에게 잘못만 저질렀던 가장의 후회
 자신의 잘못을 되돌리기 위한 마지막 선택
 새로운 인생이 그를 기다리는데…"
20198603,"10년 만에 후유키시에서 시작된 [성배전쟁]은 이 전쟁의 3대 가문인 마토 가문의 당주 마토 조켄의 참전으로 인하여 일그러지고, 뒤틀리고, 어긋나 버렸다.
 마스터로서 싸움에 가담한 에미야 시로도 부상을 입고 서번트인 세이버마저 잃어버렸지만, 그는 마토 사쿠라를 지키기 위해 싸움에서 물러나지 않는다. 하지만 그녀 또한 마술사의 숙명에 사로잡히는데..."
20197617,"평화로운 마을을 습격한 하이에나들은
 마을의 식량을 빼앗고 사바의 엄마와 마을 사람들을 가두어 버린다.
 사바는 전설 속 영웅을 찾기로 결심하고
 숲을 지키는 늑대 영웅 리키와 함께 모험을 떠난다.
 모험 중, 저주에 걸린 마법 원정대를 만나게 된 사바와 리키.
 이들은 힘을 합쳐 마법사를 찾아 가야만 하는데…
 한편, 악당 대왕 원숭이 조지맘과 부하들은
 이들을 막기 위해 거대한 전쟁을 일으키려 한다.
 
 과연 사바와 마법 원정대는 무사히 마을을 구해낼 수 있을까?"
20184574,"1962년 미국, 입담과 주먹만 믿고 살아가던 토니 발레롱가(비고 모텐슨)는 교양과 우아함 그 자체인
 천재 피아니스트 돈 셜리(마허샬라 알리) 박사의 운전기사 면접을 보게 된다.
 
 백악관에도 초청되는 등 미국 전역에서 콘서트 요청을 받으며 명성을 떨치고 있는 돈 셜리는
 위험하기로 소문난 미국 남부 투어 공연을 떠나기로 결심하고,
 투어 기간 동안 자신의 보디가드 겸 운전기사로 토니를 고용한다.
 
 거친 인생을 살아온 토니 발레롱가와 교양과 기품을 지키며 살아온 돈 셜리 박사.
 생각, 행동, 말투, 취향까지 달라도 너무 다른 두 사람은
 그들을 위한 여행안내서 ‘그린북’에 의존해 특별한 남부 투어를 시작하는데…"
20196601,"1919년 3.1 만세운동 후 세평도 안 되는 서대문 감옥 8호실 속, 영혼만은 누구보다 자유로웠던 유관순과 8호실 여성들의 1년의 이야기."
20182530,"불철주야 달리고 구르지만 실적은 바닥, 급기야 해체 위기를 맞는 마약반! 더 이상 물러설 곳이 없는 팀의 맏형 고반장은 국제 범죄조직의 국내 마약 밀반입 정황을 포착하고 장형사, 마형사, 영호, 재훈까지 4명의 팀원들과 함께 잠복 수사에 나선다. 마약반은 24시간 감시를 위해 범죄조직의 아지트 앞 치킨집을 인수해 위장 창업을 하게 되고, 뜻밖의 절대미각을 지닌 마형사의 숨은 재능으로 치킨집은 일약 맛집으로 입소문이 나기 시작한다. 수사는 뒷전, 치킨장사로 눈코 뜰 새 없이 바빠진 마약반에게 어느 날 절호의 기회가 찾아오는데…  범인을 잡을 것인가, 닭을 잡을 것인가!"
20185881,"“목격자가 있어. 자폐아야”  신념은 잠시 접어두고 현실을 위해 속물이 되기로 마음먹은 민변 출신의 대형 로펌 변호사 ‘순호’(정우성). 파트너 변호사로 승진할 수 있는 큰 기회가 걸린 사건의 변호사로 지목되자  살인 용의자의 무죄를 입증하기 위해  유일한 목격자인 자폐 소녀 ‘지우’(김향기)를 증인으로 세우려 한다.  “아저씨도 나를 이용할 겁니까?”  자기만의 세계에 빠져 의사소통이 어려운 ‘지우’. ‘순호’는 사건 당일 목격한 것을 묻기 위해 ‘지우’를 찾아가지만, 제대로 된 인사조차 나누지 못한다. 하지만 그날의 이야기를 듣기 위해 지우에게 다가가려 노력하는 ‘순호’,  시간이 흐를수록 조금씩 ‘지우’에 대해 이해하게 되지만 이제 두 사람은 법정에서 변호사와 증인으로 마주해야 하는데…  마음을 여는 순간,  진실이 눈앞에 다가왔다"
20177539,"한 시골 마을에서 쌍둥이 자매가 태어난다.  온전치 못한 다리로 태어난 ‘금화’(이재인)와 모두가 오래 살지 못할 것이라고 했던 언니 ‘그것’.  하지만 그들은 올해로 16살이 되었다.   신흥 종교 비리를 찾아내는 종교문제연구소 ‘박목사’(이정재)는   사슴동산이라는 새로운 종교 단체를 조사 중이다.  영월 터널에서 여중생이 사체로 발견되는 사건이 발생하고  이를 쫓던 경찰과 우연히 사슴동산에서 마주친 박목사는 이번 건이 심상치 않음을 직감한다.   하지만 진실이 밝혀지기 전 터널 사건의 용의자는 자살하고,  그가 죽기 전 마지막으로 만난 실체를 알 수 없는 정비공 ‘나한’(박정민)과  16년 전 태어난 쌍둥이 동생 금화의 존재까지  사슴동산에 대해 파고들수록 박목사는 점점 더 많은 미스터리와 마주하게 되는데…!  그것이 태어나고 모든 사건이 시작되었다"
20196723,"사라진 꿀벌 여왕 ‘마가렛’을 찾아, 왕국의 평화를 지켜라!
 특별 파티를 앞둔 숲속왕국, 그런데 꿀벌 여왕 ‘마가렛’이 사라졌다?
 귀뚜라미 마술사와 친구들은 사건을 해결하기 위해 나서는데… 
 과연 왕국의 평화를 되찾을 수 있을까?"
20180937,"절대 권력을 지닌 히스테릭한 영국의 여왕 ‘앤’(올리비아 콜맨).
 여왕의 오랜 친구이자 권력의 실세 ‘사라 제닝스’(레이첼 와이즈)와 
 신분 상승을 노리는 몰락한 귀족 가문 출신의 욕망 하녀 
 ‘애비게일 힐’(엠마 스톤)은 여왕의 총애를 받기 위해 
 수단과 방법을 가리지 않고 발버둥치기 시작하는데…"
20177282,"못생긴 고양이 분장 전문 파티 플래너 ‘리노’는 
 소심한 성격에 되는 일 하나 없는 불만 가득 청년.
 
 하루하루 무기력하게 살아가던 중
 우연히 광고를 보고 찾아간 마법사 ‘돈 레옹’에게
 자신의 인생을 변화시켜 줄 것을 요청하지만
 마법사의 실수로 진짜 고양이로 변하게 된다.
 
 귀엽고 커다란 고양이의 모습에
 난생 처음으로 사람들의 관심을 한 몸에 받지만,
 얼마 안 가 인생 최대의 위기를 맞게 되는데…
 
 과연 ‘리노’는 위기를 극복하고
 원래의 모습으로 돌아갈 수 있을까?"
20176442,"일제강점기, 일본에서는 조선의 민족의식을 꺾고 그들의 지배력을 과시하기 위해 전조선자전차대회를 개최한다.  하지만 일본 최고의 선수들을 제치고 조선인 최초로 우승을 차지한 엄복동의 등장으로 일본의 계략은 실패로 돌아가고,   계속되는 무패행진으로 ‘민족 영웅’으로 떠오른 그의 존재에 조선 전역은 들끓기 시작한다.   때맞춰 애국단의 활약까지 거세지자 위기감을 느낀 일본은 엄복동의 우승을 막고 조선인들의 사기를 꺾기 위해 최후의 자전차 대회를 개최하는데...   일제강점기, 그 어느 때보다 뜨거웠던 한일전이 시작된다!"
20195743,"새어머니와 두 언니들의 구박에도 늘 씩씩하고 당찬 신데렐라는 왕궁 무도회에 가보고 싶다는 생쥐 친구들의 소원을 들어주기 위해 무도회 참석을 결정하지만 누더기 옷 때문에 고민에 빠지고 꼬꼬마 마법사 크리스탈을 찾아가 도움을 청한다.
 이에 마법사 크리스탈은 신데렐라를 아름답게 치장하고, 생쥐 친구들을 화려한 황금 마차를 모는 멋진 말들로 변신시키는데…
 화려한 폭죽과 함께 시작된 왕궁 무도회.
 모두의 시선을 한눈에 사로잡을 만큼 우아하고 아름다운 여인으로 변신한 신데렐라는 왕자와 춤을 추며 무도회를 빛낸다.
 그러던 중 휴식을 위해 무도회장에서 잠시 벗어나 있던 신데렐라는 우연히 진짜 왕자는 마녀의 주문에 걸려 있고, 이 왕자를 구하기 위해서는 요정의 책에 전해 내려오는 전설 속 마법 반지가 필요하다는 사실을 알게 된다.
 진짜 왕자를 구하기 위해 무시무시한 괴물과 위험이 가득한 마법의 숲으로 환상적인 모험을 시작하는 신데렐라와 친구들.
 
 신데렐라와 친구들은 과연 위험천만한 그곳에서 사악한 마녀의 방해를 물리치고, 전설 속 마법 반지를 찾아 진짜 왕자를 구할 수 있을까?"
20195791,"재산을 물려받기 위해서는 결혼을 꼭 해야만 하는 ‘성석’(김동욱) 엄마와 세 오빠의 결혼 압박에서 벗어나 나만의 인생을 찾고 싶은 ‘해주’(고성희) 부모님의 등쌀에 못 이겨 나간 맞선 자리에서 만나게 된 둘은  각자의 목적을 달성하기 위해 딱! 3년간만 결혼하는 ‘척’하기로 계약한다   하지만 두 사람의 결혼 준비가 진행될수록 방해꾼들은 늘어만 가고, 넘어야 할 산이 한두 개가 아닌데…   결혼하는 척, 같이 사는 척, 딱! 3년만 하는 척! 척! 과연 두 사람의 ‘하는 척’은 성공할 수 있을까?"
20186261,"영원한 친구 히컵과 투슬리스의 활약으로
 사람과 드래곤이 공존하며 평화롭게 살아가는 버크섬.
 새로운 드래곤 ‘라이트 퓨어리’를 쫓아간 투슬리스를 찾다가
 히컵은 누구도 찾지 못했던 드래곤의 파라다이스 ‘히든월드’를 우연히 발견하게 된다.
 하지만 평화도 잠시, 역대 최악의 드래곤 헌터 그리멜의 등장으로
 드래곤들의 안전과 버크섬의 평화까지 위협받기 시작하는데…"
20188282,"모두가 갈망하는 공중도시와 그들을 위해 존재하는 고철도시로 나누어진 26세기.
 고철 더미 속 모든 기억을 잃은 채 깨어난 알리타는 마음 따뜻한 의사 이도의 보살핌으로 새로운 삶을 시작한다. 
 이도는 사이보그인 알리타에게 특별한 과거의 비밀과 영혼이 존재한다는 사실을 깨닫고
 미스터리한 과거로부터 그녀를 지키고자 한다. 
 한편, 새로운 친구 휴고는 알리타가 위험한 고철도시를 헤쳐나갈 수 있는 방법과 함께 기억을 되찾도록 돕는다.
 
 알리타가 자신의 과거에 다가 갈수록 도시를 지배하는 악랄한 세력들이 그녀를 노리며 제거하려고 하고   
 자신이 착취와 약탈의 고철도시를 구할 수 있는 열쇠임을 깨닫게 된 알리타는
 사랑하는 가족과 친구, 새로운 세상을 위해 통제된 세상의 무시무시한 적들과 맞서게 되는데…"
20195915,절대 끝나지 않는 생일에 또다시 갇혀버린 트리와 더 강력하게 돌아온 베이비의 끝내주는 호러테이닝 무비
20020222,"해리 포터에겐 이번 여름방학이 별로 즐겁질 못했다. 마법이라면 질색을 하는 페투니아 이모(피오나 쇼 분)와 버논 이모부(리차드 그리피스 분)의 구박도 그렇지만, 무엇보다 속상한 건 단짝이었던 론 위즐리(루퍼트 그린트 분)와 헤르미온느 그레인저(엠마 왓슨 분)가 그 사이 자신을 까맣게 잊었는지 자신의 편지에 답장 한 통 없다는 것.  그러던 어느날 꼬마 집요정 도비가 해리의 침실에 나타나 뜻밖의 얘기를 한다. 호그와트 마법학교로 돌아가면 무서운 일을 당할 거라는 것. 도비는 해리를 학교에 못 가게 하려고 자신이 여태까지 론과 헤르미온느의 답장을 가로채 왔음을 고백한다. 그러나 도비와 더즐리 가족의 방해에도 불구, 해리는 론과 그의 형제들이 타고 온 하늘을 나는 자동차를 타고 이모집을 탈출, 따뜻한 가족애가 넘치는 론 위즐리의 집으로 간다.  개학을 앞두고 학교에 가는 날, 론과 해리는 뭔가의 방해로 9와 3/4 승강장에 못 들어가는 바람에 개학식에 지각할 위기에 처한다. 결국 하늘을 나는 자동차 포드 앵글리아를 타고 천신만고끝에 학교에 도착했으나 공교롭게도 차가 학교 선생님들이 소중히 여기는 '커다란 버드나무' 위에 불시착하는 바람에 화가 난 스네이프 교수로부터 퇴학 경고를 받게 된다. 한편 1학년 때 해리가 보여준 영웅적인 활약상은 학교 전체에 소문이 나고, 그 덕에 해리는 원치 않는 관심의 초점이 된다. 론의 여동생 지니, 사진작가 지망생 콜린 크리비 등의 신입생과 어둠의 마법 방어술을 가르치는 신임 교수 질데로이 록허트가 새롭게 해리포터의 팬이 된다.  남의 시선 끌기를 좋아하는 잘난척하는 성격 탓에 주변에서 따돌림 당하는 록허트 교수는 해리와 친해지고 싶어 안달하지만, 그 역시 학교에서 일어나는 무서운 사건에 대해 뾰족한 설명을 못해준다. 모든 이목은 해리에게 집중되고, 결국 급우들은 해리를 의심하기에 이른다. 물론 론과 헤르미온느, 그리고 수수께끼의 일기장에 마음을 뺏긴 론의 동생 지니만은 끝까지 해리를 믿는다.  자신을 믿는 친구들을 실망시킬 수는 없는 법. 해리는 -도움을 준다며 되려 걸리적 대는 록허트 교수가 다소 방해가 되긴 하지만- 어둠의 세력과 맞서 싸울 결심을 하는데.."
20185576,"평범한 제설차 운전수이자 올해의 모범시민 ‘넬스 콕스맨’. 
 법 없이도 살 수 있던 그는 마약 조직의 사이코패스 보스 ‘바이킹’이 꾸며낸 
 아들의 처참한 죽음 앞에서 분노의 심판자로 다시 태어난다.
 
 ‘스피도’, ‘림보’, ‘산타’ 등 마피아들을 연달아 처단하며 그들의 소굴에 한 걸음 가까워질수록  
 ‘넬스’의 분노는 죽음도 대신할 수 없는 깊은 복수심으로 소용돌이 치는데…  
 
 당한 만큼 갚아주는 냉혈한 복수가 시작된다!"
20184888,"체리트리 가 17번지에 살고 있는 마이클과 세 아이들은 아내와 엄마를 잃고,
 집까지 빼앗길 위기에 처해 슬픔에 잠긴다. 
 어느 날, 바람의 방향이 바뀌고 마이클의 가족에게 다시 돌아온 ‘메리 포핀스’는
 사랑스러운 마법으로 가득 찬 황홀한 경험을 선사하는데…"
20174169,"망해버린 주유소의 트러블메이커 가장 '만덕'은 우연히 만난 좀비를 집안에 들인다.  여타 좀비와 달리 반반한 외모, 말귀 알아듣는 ‘쫑비’를 보며  저마다의 속셈으로 패밀리 비즈니스를 꿈꾸는 가족.     리더인 맏며느리 '남주'를 중심으로  행동대장 장남 '준걸'과 브레인 차남 '민걸'  에너지 담당 막내 '해걸'에  물리면 죽기는커녕 더 젊어지는 좀비 '쫑비'까지!     이들의 기막힌 비즈니스는 조용했던 동네를  별안간 혈기 왕성한 마을로 만들어버리는데...  이거 혹시… 우리 때문이야?"
20180868,"경찰 내 최고 엘리트 조직 내사과 소속 경위 ‘은시연’(공효진). 조직에서 유일하게 믿고 따르는 ‘윤과장’(염정아)과 함께 F1 레이서 출신의 사업가 ‘정재철’(조정석)을 잡기 위해 수사망을 조여가던 시연은 무리한 강압 수사를 벌였다는 오명을 쓰고 뺑소니 전담반으로 좌천된다.   알고 보면 경찰대 수석 출신, 만삭의 리더 ‘우계장’(전혜진)과  차에 대한 천부적 감각을 지닌 에이스 순경 ‘서민재’(류준열).  팀원은 고작 단 두 명, 매뉴얼도 인력도 시간도 없지만 뺑소니 잡는 실력만큼은 최고인 ‘뺑반’.  계속해서 재철을 예의주시하던 시연은 뺑반이 수사 중인 미해결 뺑소니 사건의 유력한 용의자가 재철임을 알게 된다.  뺑소니 친 놈은 끝까지 쫓는 뺑반 에이스 민재와  온갖 비리를 일삼는 재철을 잡기 위해 모든 것을 건 시연.  하나의 목표를 향해 힘을 합친 그들의 팀플레이가 시작되는 가운데 방법을 가리지 않고 수사망을 빠져 나가려는 통제불능 스피드광 재철의 반격 역시 점점 과감해지는데…!"
20162003,"음악가만을 노린 연쇄살인사건이 발생하고, 
 피해자들은 모두 유명한 피아니스트가 설립한 음악 아카데미 출신들임이 밝혀진다! 
 한편, 코난과 친구들은 세계적인 음악가들이 모이는 음악홀 설립 기념 콘서트에 초대된다. 
 이번 콘서트의 주인공 천재 소프라노 가수를 겨냥한 의문의 사건이 이어지는 가운데,
 그녀를 위험에서 구한 코난은 오히려 범인의 표적이 되고 만다.
 콘서트 직전, 코난은 누군가의 습격을 받아 쓰러지고 음악홀은 연이은 폭발로 불바다가 된다. 
 하지만, 란 일행을 포함한 천 명의 관객들은 그 사실을 알지 못한 채 콘서트가 계속되는데…
 과연, 코난은 위기에 빠진 란을 구할 수 있을 것인가?"
20185478,따뜻한 남태평양으로 휴가를 떠난 차탄 가족과 친구들은 어느 외딴섬에 표류하고 만다. 그곳은 바로 지구의 배꼽이라 불리는 강력한 생명력을 지닌 신비의 섬 ‘옴파로스’! 그곳에서 차탄 가족은 ‘슈퍼연료전지 구공탄’을 노리는 외계 로봇들의 공격으로 위기에 처하는데…  지구 온난화를 일으켜 세상을 정복하려는 ‘외계인’들에 맞선 차탄과 ‘동물카봇’의 운명을 건 대결이 시작된다!
20185444,"시스타 행성의 지멋대로 여왕의 지시로 듀플로 외계인들이 레고 마을을 침공한다.
 어마무시 장군이 친구들을 납치하자 에밋은 우주로의 여행을 떠나는데…
 에밋과 친구들의 대모험, 이번엔 우주다! 준비됐나요?"
20184105,"1940년대 우리말이 점점 사라져가고 있는 경성. 극장에서 해고된 후 아들 학비 때문에 가방을 훔치다 실패한 판수. 하필 면접 보러 간 조선어학회 대표가 가방 주인 정환이다. 사전 만드는데 전과자에다 까막눈이라니! 그러나 판수를 반기는 회원들에 밀려 정환은 읽고 쓰기를 떼는 조건으로 그를 받아들인다. 돈도 아닌 말을 대체 왜 모으나 싶었던 판수는 난생처음 글을 읽으며 우리말의 소중함에 눈뜨고, 정환 또한 전국의 말을 모으는 ‘말모이’에 힘을 보태는 판수를 통해 ‘우리’의 소중함에 눈뜬다. 얼마 남지 않은 시간, 바짝 조여오는 일제의 감시를 피해 ‘말모이’를 끝내야 하는데…  우리말이 금지된 시대, 말과 마음이 모여 사전이 되다"
20185124,"8월 서울공연을 시작으로, 미주, 유럽, 아시아 등 20개 도시 42회 공연 규모로 열리는 'LOVE YOURSELF’ 투어. 현재 진행 중인 가장 핫한 콘서트를 담은 ‘러브 유어셀프 인 서울’은 미국 빌보드 200 1위에 빛나는 글로벌 그룹 방탄소년단 월드투어의 포문을 여는 서울 콘서트를 담아냈으며, 전 세계가 기다린 최고의 무대를 더욱 생동감 있게 느낄 수 있다."
20184896,"나를 세상에 태어나게 한 
 ""부모님을 고소하고 싶어요...""
 -출생기록조차 없이 살아온 어쩌면 12살 소년 '자인'으로부터"
20176251,"엘리트 아재 판수(박성웅)를 우연히 옥상에서 떨어진 고등학생 동현(진영)이 덮치면서 제대로 바뀐다.  게다가 판수는 동현의 몸으로 첫사랑 미선(라미란)과 존재도 몰랐던 딸 현정(이수민)을 만나게 되는데…  대유잼의 향연, 넌 이미 웃고 있다!"
20189463,"각종 사고를 치며 게임 속 세상을 뒤집어 놨던 절친 주먹왕 ‘랄프’와 ‘바넬로피’는 버려질 위기에 처한 오락기 부품을 구하기 위해 와이파이를 타고 인터넷 세상에 접속한다.   얼떨결에 올린 동영상으로 순식간에 핵인싸에 등극한 ‘랄프’와 룰도 트랙도 없는 스릴만점 슬로터 레이스 게임에 참여하게 된 ‘바넬로피’   지금껏 경험한 적 없는 엄청난 스케일과 새로운 재미에 흠뻑 빠진  ‘랄프’와 ‘바넬로피’는 랜섬웨어급 사고로 인터넷 세상을 혼란에 빠뜨리는데…  과연, 이들은 무사히 집에 돌아갈 수 있을까?"
20182544,"White Album 발매 50주년을 기념하기 위한 「글래스 어니언」은 리처드 해밀턴의 상징적인 콜라주에 새 생명을 불어넣는 화려하고 다양한 애니메이션 테크닉을 보여준다.
 
 [제 21회 부천국제애니메이션페스티벌]"
20186324,"하루아침에 운명이 바뀐 강아지 ‘뭉치’는  우연히 만난 거리 생활의 고참 ‘짱아’ 일당을 만나 목숨을 구하게 된다.  차츰 ‘짱아’ 무리의 스트릿 라이프에 적응하던 찰나 그들의 소중한 아지트가 사라질 위기에 처하고, 마침내 그들은 진정한 자유를 찾기 위한 모험을 떠나기로 결심하는데…"
20185485,"공항에서 수하물 노동자로 일하며 음악의 꿈을 키우던 이민자 출신의 아웃사이더 ‘파록버사라’
 보컬을 구하던 로컬 밴드에 들어가게 되면서 ‘프레디 머큐리’라는 이름으로 밴드 ‘퀸’을 이끌게 된다.
  
 시대를 앞서가는 독창적인 음악과 화려한 퍼포먼스로 관중들을 사로잡으며 성장하던 ‘퀸’은 
 라디오와 방송에서 외면을 받을 것이라는 음반사의 반대에도 불구하고 
 무려 6분 동안 이어지는 실험적인 곡 ‘보헤미안 랩소디’로 대성공을 거두며 월드스타 반열에 오른다.
 
 그러나 독보적인 존재감을 뿜어내던 ‘프레디 머큐리’는 솔로 데뷔라는 유혹에 흔들리게 되고
 결국 오랜 시간 함께 해왔던 멤버들과 결별을 선언하게 되는데…
 
 세상에서 소외된 아웃사이더에서 전설의 록밴드 ‘퀸’이 되기까지,
 우리가 몰랐던 그들의 진짜 이야기가 시작된다!"
20189385,사람들의 발길이 끊기면서 폐쇄될 위기에 놓인 놀이공원. 할머니와의 추억을 되새기며 롤러코스터를 고치던 ‘테리’는 신비로운 마법의 왕국 ‘몬스터 파크’로 순간 이동을 하게 된다.    하지만 할머니가 들려주던 동화 속 세상과는 달리 이미 감정을 조종할 수 있는 마법사 ‘그럼프’의 우울마법에 빠져 모든 웃음과 행복을 빼앗긴 몬스터 파크. ‘테리’는 아름답지만 천방지축 말괄량이인 ‘새벽 공주’와 온통 우울함에 빠진 왕국을 구하기로 하는데…   과연 ‘테리’는 모두에게 웃음과 행복을 되찾아 주고  다시 자신의 세계로 돌아 갈 수 있을까?
20180290,"땅의 아들이자 바다의 왕, 심해의 수호자인 슈퍼히어로 아쿠아맨의 탄생을 그린 액션 블록버스터"
20183915,"머나먼 옛날, 소행성 충돌로 인해 지구의 공룡들이 모두 사라지고 사람들에게 알려지지 않은 어느 작은 섬에서 공룡들은 아주 작은 모습의 타이니소어로 탄생한다.  씩씩한 트리케라, 장난꾸러기 티라노, 잠꾸러기 스테고 등 타이니소어 친구들이 도토리 축구를 하며 즐거운 나날을 보내고 있던 중, 수상한 악당들이 나타나 평화로운 ‘타이니소어의 섬’을 위협하기 시작하는데…  타이니소어들을 노리는 수상한 눈빛의 정체는?  과연 이들은 위기에 처한 지상 낙원 ‘타이니소어의 섬’을 지켜낼 수 있을까?"
20182588,"엄마와 아빠, 그리고 사랑스러운 강아지 ‘윳코’, 
 너무너무 좋아하는 기차 장난감들이 있는 나만을 위한 놀이방과 작은 정원.
 세상 행복한 삶을 살고 있던 네 살 ‘쿤’에게, 첫 눈이 오던 날 동생 ‘미라이’가 찾아온다!
 여동생과의 첫 만남, 신비로운 순간도 잠시…
 부모님의 관심은 온통 ‘미라이’에게 향하고, ‘쿤’은 인생 최초 위기감(!)과 설움을 느끼게 된다.
 그러던 어느 날 ‘쿤’에게 미래에서 온 소녀 ‘미라이’가 찾아오게 되는데!
 ‘쿤’의 작은 정원에서 아주 특별한 여행이 시작된다!"
20186281,"지속된 디셉티콘과의 전쟁에서 위기에 몰린 옵티머스 프라임은 중요한 임무를 가진 오토봇을 지구로 보낸다. 
 지구에 도착한 오토봇은 인간들에게 쫓기게 되고, 낡은 비틀로 변신해 폐차장에 은둔하던 중, 
 찰리라는 소녀에 의해 발견된다.
 
 비틀을 수리하던 찰리는 자신의 낡은 자동차가 거대한 로봇으로 변신하는 놀라운 광경을 목격하고, 
 모든 기억이 사라진 그에게 ‘범블비’라는 이름을 지어주며 서로에게 특별한 존재가 되어간다.  
 
 하지만, 범블비의 정체를 파헤치려는 인간들과 그가 가진 비밀을 쫓는 디셉티콘의 추격과 압박은 점점 더 심해지는데…"
20170658,"글로벌 군사기업(PMC) 블랙리저드의 캡틴 에이헵(하정우)은 미국 CIA의 의뢰로 거액의 프로젝트를 맡게 된다. 그러나 작전장소인 DMZ 지하 30M 비밀벙커에는  약속된 타깃이 아닌 뜻밖의 인물, 북한 ‘킹’이 나타난다. 아시아 최고의 현상금이 걸린 킹, 그를 잡기 위해 캡틴 에이헵은 작전을 변경하고, 12인의 크루들과 함께 킹을 납치하는 데 성공한다.  하지만 또 다른 군사기업(PMC)의 기습과 미국 CIA의 폭격으로 함정에 빠져버린 에이헵과 블랙리저드팀. 결국 무너져버린 지하 비밀 벙커 안 부상을 입은 에이헵은 인질로 잡혀 있던 북한 최고의 엘리트 닥터 윤지의에게 도움을 요청하는데…  현 시각부로 작전 변경! 생존을 위한 리얼타임 액션이 시작된다!"
20175547,"1951년 한국전쟁, 최대 규모의 거제 포로수용소. 새로 부임해 온 소장은 수용소의 대외적 이미지 메이킹을 위해  전쟁 포로들로 댄스단을 결성하는 프로젝트를 계획한다.  수용소 내 최고 트러블메이커 ‘로기수’(도경수), 무려 4개 국어가 가능한 무허가 통역사 ‘양판래’(박혜수), 잃어버린 아내를 찾기 위해 유명해져야 하는 사랑꾼 ‘강병삼’(오정세), 반전 댄스실력 갖춘 영양실조 춤꾼 ‘샤오팡’(김민호), 그리고 이들의 리더, 전직 브로드웨이 탭댄서 ‘잭슨’(자레드 그라임스)까지 우여곡절 끝에 한 자리에 모인 그들의 이름은 ‘스윙키즈’! 각기 다른 사연을 갖고 춤을 추게 된 그들에게 첫 데뷔 무대가 다가오지만,  국적, 언어, 이념, 춤 실력, 모든 것이 다른 오합지졸 댄스단의 앞날은 캄캄하기만 한데…!"
20183785,"8천만 년 전 백악기 최후의 재난 이후, 모든 가족을 잃고 둘만 남게 된 공룡의 제왕 타르보사우르스 ‘점박이’와 그의 아들 ‘막내’ 아빠 ‘점박이’와 달리 겁이 많고 소심한 ‘막내’는 다른 공룡들의 놀림감이 되기 일쑤다. 어느 날, ‘막내’가 최악의 악당 데이노니쿠스 3인방에게 붙잡혀 사라지고, ‘점박이’는 ‘막내’의 흔적을 찾기 위해 새로운 모험을 시작한다. 그러던 중 사라진 딸을 찾는 ‘송곳니’, 넉살 좋은 초식공룡 ‘싸이’를 만나 아이들을 구하기 위해 힘을 합치기로 한 ‘점박이’는 병풍 바위와 활화산 지대, 끝이 보이지 않는 사막과 협곡을 지나는 모험 끝에 드디어 아들 ‘막내’에 대한 단서를 찾게 된다. 하지만 그들 앞에 상상을 초월하는 초강력 돌연변이 공룡이 나타나는데… 과연 ‘점박이’는 ‘막내’를 구하고 새로운 낙원에 도착할 수 있을까?"
20184187,"유학을 마치고 돌아온 의연은 남친 우진과 함께 언니 희수의 펜션을 방문한다. 
 그러나 휴식을 취하기도 전에 의연은 회사의 급한 호출로 출장을 떠난다. 
 그 사이 우진은 희수를 유혹하고 홀로 외로이 살았던 희수는 어쩔 수 없이 그와 치명적인 사랑을 나누게 된다. 
 출장에서 돌아온 의연은 둘 사이에 수상한 낌새를 눈치챈다. 
 도덕심과 사랑 사이에서 괴로워하는 희수를 더 힘들게 하는 건 노골적으로 다가오는 우진이다.
 그는 의연을 버릴 작정까지 하며 희수에게 사랑을 갈구한다. 과연 이들의 결말은 어디로 치달을 것인가."
20182421,"모두가 행복한 크리스마스를 참을 수 없는 그린치는 크리스마스를 훔치기 위해 산타가 되기로 결심한다.
 그린치는 만능집사 맥스, 덩치만 큰 소심 루돌프 프레드와 함께 슈퍼배드한 크리스마스 훔치기 대작전에 돌입하는데…
 
 슈퍼배드한 그린치 X 만능 집사 맥스 X 덩치만 큰 소심 루돌프 프레드!
 크리스마스 훔치기 대작전이 시작된다!"
20168773,"“애국이 별게 아니다!  일본에 뽕 팔믄 그게 바로 애국인기라!” 마약도 수출하면 애국이 되던 1970년대 대한민국,   하급 밀수업자였던 이두삼은 우연히 마약 밀수에 가담했다가  마약 제조와 유통 사업에 본능적으로 눈을 뜨게 되면서 사업에 뛰어든다.   “이 나라는 내가 먹여 살렸다 아이가” 뛰어난 눈썰미, 빠른 위기대처능력, 신이 내린 손재주로 단숨에 마약업을 장악한 이두삼 사업적인 수완이 뛰어난 로비스트 김정아(배두나)가 합류하면서  그가 만든 마약은 '메이드인 코리아'라는 브랜드를 달게 된다.  마침내 이두삼은 대한민국을 넘어 아시아까지 세력을 확장하며 백색 황금의 시대를 열게 된다   한편, 마약으로 인해 세상은 점점 불안해지기 시작하고  승승장구하는 이두삼을 주시하는 한 사람 김인구(조정석)가 움직이기 시작하는데…"
20183479,"중독 위험! 세계를 지배하려는 ‘블랙판다 라면’이 나타났다! 전설의 쿵후 ‘말랑말랑권’으로 세계 평화를 지켜야 한다! 몸도 마음도 말랑말랑한 짱구와 떡잎마을 방범대 출동!  짱구와 친구들이 살고 있는 떡잎마을에 있는 중국인 거리 아이야 타운 그곳에 나타난 블랙판다 라면 사장 돈빵빵은 오직 라면을 위한, 라면에 의한 블랙판다 라면 빌딩을 세우려 한다! 블랙판다 라면을 먹고 점점 난폭해지는 사람들! 앗! 짱아도 블랙판다 라면을 먹어버렸다…!  세계의 평화를 위해 지금 필요한 건 바로 전설의 쿵후 말랑말랑권! 쿵후 소녀 란과 함께 말랑말랑권의 9가지 기술을 터득한 뒤, 중국에서 마지막 신공을 얻어야 한다! 짱구와 떡잎마을 방범대 친구들은 세계 평화를 지켜낼 수 있을까?"
20183238,"평범한 10대 ‘마일스 모랄레스’는 우연히 방사능 거미에 물려 스파이더맨 능력을 가지게 된다.
 혼란스러워하던 ‘마일스’는 악당과 싸우고 있는 ‘피터 파커’를 마주치게 되고
 ‘피터 파커’는 ‘마일스’가 자신과 같은 능력을 가지고 있음을 직감한다. 
 여러 개의 평행세계가 존재한다는 것을 알게 된 ‘마일스’와 ‘피터 파커’는 
 이후 스파이더우먼 ‘스파이더 그웬’, ‘스파이더맨 누아르’, ‘스파이더햄’ 등 
 평행세계 속 공존하는 모든 스파이더맨들을 만나게 되는데… 
 하나의 유니버스에서 만나 팀을 결성한 스파이더맨들은 과연 세계를 구할 수 있을까?
 
 스파이더맨들의 새로운 시대가 열린다!"
20177552,"1997년, 대한민국 최고의 경제 호황을 믿어 의심치 않았던 그때,  곧 엄청난 경제 위기가 닥칠 것을 예견한 한국은행 통화정책팀장 ‘한시현’(김혜수)은 이 사실을 보고하고,  정부는 뒤늦게 국가부도 사태를 막기 위한 비공개 대책팀을 꾸린다.     한편, 곳곳에서 감지되는 위기의 시그널을 포착하고 과감히 사표를 던진 금융맨 ‘윤정학’(유아인)은  국가부도의 위기에 투자하는 역베팅을 결심, 투자자들을 모으기 시작한다.  이런 상황을 알 리 없는 작은 공장의 사장이자 평범한 가장 ‘갑수’(허준호)는  대형 백화점과의 어음 거래 계약서에 도장을 찍고 소박한 행복을 꿈꾼다.     국가부도까지 남은 시간 단 일주일.  대책팀 내부에서 위기대응 방식을 두고 시현과 ‘재정국 차관’(조우진)이 강하게 대립하는 가운데,  시현의 반대에도 불구하고 ‘IMF 총재’(뱅상 카셀)가 협상을 위해 비밀리에 입국하는데…     위기를 막으려는 사람과 위기에 베팅하는 사람,  그리고 회사와 가족을 지키려는 평범한 사람,  1997년, 서로 다른 선택을 했던 사람들의 이야기가 시작된다!"
20179230,"오피스텔에 혼자 살고 있는 평범한 직장인 경민(공효진). 퇴근 후 집에 돌아온 경민은 원룸의 도어락 덮개가 열려있는 것을 발견한다. 불안한 마음에 도어락 비밀번호를 변경해보지만  그날 밤, 잠들기 전 문 밖에서 들리는 소리  '삐-삐-삐-삐- 잘못 누르셨습니다'  공포감에 휩싸인 경민은 경찰에 신고를 하지만 그들은 경민의 잦은 신고를 귀찮아 할 뿐, 대수롭지 않게 여긴다. 그리고 얼마 뒤, 경민의 원룸에서 낯선 사람의 침입 흔적과 함께 의문의 살인 사건이 발생하고 자신도 안전하지 않음을 직감한 경민은 직접 사건의 실체를 쫓게 되는데..!  열려 있는 도어락 덮개, 지문으로 뒤덮인 키패드, 현관 앞 담배꽁초 혼자 사는 원룸, 이곳에 누군가 숨어있다!"
20183375,"바람 축제에 온 지우와 피카츄.
 이브이를 찾는 리사와 새로 만난 친구들과 함께 하던 중,
 갑자기 모든 바람이 사라지고
 정체를 알 수 없는 검은 연기가 마을을 뒤덮는다.
 
 사람과 포켓몬 모두가 위험해질 위기가 찾아오자, 
 바람을 되찾기 위해
 지우와 피카츄, 리사와 이브이, 라르고, 카가치, 히스이, 토리토의
 모두가 함께하는 기적 같은 이야기가 시작된다."
20189843,"크리스마스 이브, 
 대부 ‘드로셀마이어’의 파티에 참석한 ‘클라라’는 
 돌아가신 엄마의 마지막 크리스마스 선물을 열어줄 황금 열쇠를 찾아 나선다. 
 대부에게 건네받은 황금실을 따라 마법의 세상 속으로 들어간 ‘클라라’는 호두까기 병정과 함께
 3개의 왕국을 지나면서 다양한 사건과 사람들을 만나 환상적인 모험을 즐긴다. 
 그러나 엄마의 수수께끼를 풀 수 있는 열쇠를 얻기 위해서는 
 모두가 두려워하는 네 번째 왕국으로 가야만 하는데…
 
 황금 열쇠를 따라가면,
 지금껏 본 적 없는 마법의 세계가 열린다!"
20182082,"멋진 커리어우먼, 매력적인 아내, 아름다운 엄마…
 모든 걸 다 갖춘 완벽한 여자 ‘에밀리’가 사라졌다.
 
 그리고 발견된 시체… 모든 것이 내 것이 됐다고 생각한 순간. 
 에밀리가 돌아왔다!"
20178825,"움직이는 모든 것을 집어삼키려는 거대도시 ‘런던’
 탐욕스러운 거대도시 런던으로부터 세상을 지키려는 ‘저항 세력’
 숨겨진 공중도시 ‘에어 헤이븐’
 
 60분 전쟁으로 지구가 멸망한 황폐해진 미래, 
 인류의 생존이 걸린 움직이는 도시들의 전쟁
 끝내고 싶다면 모든 것을 삼켜야 한다"
20183745,"멸망 위기의 세상을 구하고 영웅이 된 런닝맨들. 
 
 어느 날, 풀룰루족들로 가득 찬 경기장으로 그들을 데려온 제사장 “아콩”은
 런닝맨들을 죄인으로 몰며 강제로 게임에 출전시킨다. 이름하여 '런닝맨 서바이벌'! 
 
 탈출할 수 있는 기회는 단 한 번뿐!
 각종 함정과 거대 미로가 가득한 이곳에서 런닝맨들은 과연 탈출에 성공하고 누명을 벗을 수 있을까?!"
20177538,선미는 원주택에 머물며 시를 쓰는 남편 현석을 한 달에 몇 번 만나러 간다. 서울에서 준수와 바람을 피고 있는 선미...그런 선미를 사랑하는 남자준수... 일도 섹스도 같이 하는 남자 이다. 선미가 남편을 정리하고 오기를 기다리고 있는데.. 멀리 떨어져 있는 남편이기만한 현석. 지방 신문에 시가 당선되며 시인이 되었지만 백수다. 아내 선미밖에 없는 척하지만 그럴 리가.. 아내의 빈자리를 누군가가 채워주고 있다. 현모양처가 꿈인 유리...그 여자다.. 또한 미용실 스텝인 피오... 준수의 차에서 잠이들어 선미의 집으로 동행을 한다. 그런 그들이 한자리에 모이는 상황이 발생하고... 게임을 통해 그들의 숨겨진 일탈들이 하나 둘씩 벗겨지는데...
20184481,"거칠었던 과거를 벗어나 수산시장에서 건어물 유통을 하며 건실하게 살던 동철(마동석). 어느 날 아내 지수(송지효)가 납치되고, 경찰에 신고를 하지만 그녀의 행방은 묘연하기만 하다. 그리고 동철에게 걸려 온 납치범(김성오)의 전화! 오히려 지수를 납치한 대가로 거액의 돈을 동철에게 주겠다는 파격 제안을 하고, 이에 폭발한 동철은 지수를 구하기 위해 움직이기 시작하는데…! 느낌 오지? 잘못 건드린 거"
20181905,"셔우드의 미래를 위한 싸움을 이끌어 나갈 영웅은 단 한 사람뿐이다. 그리고 그 십대 소녀는 당신이 알고 있던 통상적인 로빈 후드가 아니다. 십 대 해커인 셔우드의 로빈은 평생 그녀가 고아인 줄로 알고 있었다. 그러나 신비스러운 건틀렛이 비밀을 밝혀내자, 그녀가 알고 있던 세상은 한순간에 뒤집어진다. 로빈은 범법자 무리들에 합류하고 사랑, 충성 그리고 희생에 대한 진실한 가치를 배우게 된다. 홍수를 동반한 폭풍우가 거리를 몰아치는 23세기 런던에서부터 어퍼 시티의 우뚝 솟은 시타델에 이르기까지, 로빈과 그녀의 새 친구들은 미친 노팀엄의 치안관에 맞서 승산 없는 전쟁을 벌이게 된다.
 
 [제 21회 부천국제애니메이션페스티벌]"
20176814,"‘뉴트 스캐맨더’(에디 레드메인)의 활약으로  강력한 어둠의 마법사 ‘겔러트 그린델왈드’(조니 뎁)가 미합중국 마법부 MACUSA에 붙잡히지만,  이내 장담했던 대로 탈출해 추종자를 모으기 시작한다.  순혈 마법사의 세력을 모아 마법을 사용하지 않는 사람들을 지배하려는  그린델왈드의 야욕을 막기 위해 ‘알버스 덤블도어’(주드 로)는 제자였던 뉴트에게 도움을 요청한다.  마법사 사회는 점점 더 분열되어 가는 가운데,  앞날의 위험을 알지 못한 채 뉴트는 이를 승낙하는데…"
20183073,"귀여운 소년 ‘이든’의 단짝 반려견 ‘베일리’는 행복한 생을 마감한다.
 하지만 눈을 떠보니 다시 시작된 견생 2회차, 아니 3회차?!
 1등 경찰견 ‘엘리’에서 찰떡같이 마음을 알아주는 소울메이트 ‘티노’까지!
 다시 태어날 때마다 성별과 생김새, 직업(?)에 이름도 바뀌지만,
 여전히 영혼만은 사랑 충만! 애교 충만! 주인바라기 ‘베일리’
 
 어느덧 견생 4회차, 방랑견이 되어 떠돌던 ‘베일리’는
 마침내 자신이 돌아온 진짜 이유를 깨닫고 어딘가로 달려가기 시작하는데…"
20181171,"그리스도가 부활한 지 약 30년 후인 AD 67년,
 로마제국의 황제 ‘네로’는 자신의 광기로 일어난 대화재의 원인으로
 신흥종교인 기독교에 책임을 돌린다.
 
 짐승들의 먹이가 되거나 불태워지며 극심한 박해를 받는 크리스천들.
 그리고 그들의 리더인 ‘바울’은 ‘네로’의 명령에 의해
 감옥에 갇혀 사형될 날만을 기다리고 있다.
 
 이러한 상황 속에서 바울의 동역자인 ‘누가’는 
 죽음의 문턱, 두려움 속에 점점 희망을 잃어가는 크리스천들에게
 ‘바울’의 일생과 그가 얻은 지혜를 사도행전으로 기록하여 전하고자
 깊은 감옥 속으로 숨어드는데…."
20183007,"일명 ‘악의 심판자’라 불리는 비밀스런 천재 해커 ‘리스베트’는 한 의뢰인으로부터 위험한 제안을 받는다. 
 하지만 임무를 수행하던 중 괴한들의 습격을 받게 되고, 의뢰인 마저 살해 당한다.
 이번 일이 전 세계를 위협하는 해커 범죄 조직 ‘스파이더스’와 연관되어 있음을 알게 된 리스베트는 
 사건의 진실과 스파이더스의 정체를 파헤칠수록 더 큰 위협에 처하게 되고,
 설상가상 사건의 핵심 정보와 중요한 단서를 쥔 인물까지 빼앗기게 되는데...
 
 악의 심판자 리스베트, 그녀의 추적이 시작된다."
20182966,"유명해지는게 소원인 고양이 맥스, 부지런하고 똑똑한 비버 밥, 그리고 호기심 많은 소년 바즈와
 지구로 에너지 자원을 찾기 위해 온 외계인 3총사 ‘지크’, ‘주크‘, ’자카’는 친구가 된다.
 하지만, 즐거운 시간도 잠시… 외계인 악당 스크래처 일당이 숲 속 모든 동물 친구들을 납치해가는데…
 과연, 맥스와 밥은 악당에게 납치된 동물 친구들을 무사히 구출해내고 외계인 3총사와 다시 친구가 될 수 있을까?
 
 위기에 놓인 숲 속 친구들을 구하기 위한 모험이 시작된다!"
20183050,"19개 도시, 40회의 공연, 55만석 날개를 펼친 소년들의 역사.
 성공적인 월드 투어로 마무리된 ‘2017 방탄소년단 라이브 트릴로지 에피소드3 윙스 투어(2017 BTS LIVE TRILOGY EPISODE III THE WINGS TOUR)’를 가장 가까이에서 담아낸 방탄소년단의 첫 번째 영화.
 
 지금, 우리 
 함께 빛나는 청춘의 순간이 스크린에 펼쳐진다."
20182935,"태수는 얻어걸린 5억 계약 건으로 공항으로 기분 좋게 출발한다. 공항으로 가기 전에 전날 같이 술 먹은 친구 정섭이네 놓고 간 지갑을 받으러 정섭이를 만난다.
 
 [제23회 부천국제판타스틱영화제]"
20182669,"신발 하나 제대로 못 찾는 첫째 딸, 남들과 조금 다른 둘째 아들, 갓 태어나서 밤낮없이 울어대는 막내,
 그리고 자신에겐 아무 관심도 없이 매일 밤 게임에 빠져 사는 남편까지,
 매일 같은 육아 전쟁에 지쳐가는 ‘마를로’(샤를리즈 테론).
 몸이 스무 개라도 모자란 엄마 ‘마를로’를 위해 그녀의 오빠는 야간 보모 고용을 권유한다.
 아이는 엄마가 돌봐야 한다고 철석같이 믿어 왔던 ‘마를로’는 고민 끝에
 야간 보모 ‘툴리’(맥켄지 데이비스)를 부르게 된다.
 
 홀로 삼 남매 육아를 도맡아 하면서 슈퍼 맘이 되어야만 했던 ‘마를로’ 곁에서
 ‘툴리’는 마치 자신의 가족처럼 그녀와 아이들을 돌봐준다.
 슈퍼 보모이자 때로는 인생 친구가 되어 주는 ‘툴리’로 인해 ‘마를로’의 삶은 조금씩 변화하게 되는데…"
20186822,"우연히 주운 한 권의 『공병문고』로
 우리는 조금씩 가까워지기 시작했다.
 “나 사실은…
 죽는 게 너무 무섭다고 하면 어떻게 할래?”
 
 내가 몰랐던 너, 네가 몰랐던 나 
 다시 우리의 이야기"
20170513,"여고생이 사라졌지만 너무나 평온한 시골의 한적한 마을, 기간제 교사로 새로 부임 온 외지 출신 체육교사 ‘기철(마동석)’은 동네 분위기가 심상치 않음을 감지한다. 실종된 여고생의 유일한 친구 '유진(김새론)'만이 친구가 납치된 거라 확신하여 사건을 쫓고, 의도치 않게 ‘유진’과 함께 사라진 소녀를 찾기 위해 나선 ‘기철’은 누군가에 의해 그녀의 흔적들이 사라지고 있다는 사실을 알게 되는데...  모두가 침묵하는 사라진 소녀, 하지만 누군가는 반드시 그녀를 찾아야만 한다"
20189869,"“이번 생에서 난 주인공이 아닌가 봐” 사랑하는 아들 ‘하늘이’를 위해 천직이라 믿었던 음악의 꿈을 포기한 순둥이 싱글대디 ‘강석진’. 일명 ‘땜빵’ 무대에 서기 위해 찾아간 나이트클럽에서 화려한 반짝이 의상을 빼입은 ‘박영걸’을 만나다!    “관객 마음 사로잡아 본 적 있어요? 스파크 빡 때려본 적 있냐고”  밤무대 인기스타. 하지만 남들 몰래 바람잡이 관객 알바를 고용하는 생계형 색소포니스트 ‘박영걸’.  우연히 만난 꿈쟁이 ‘강석진’에게 훈수를 두지만, 얼마 후 상상도 못했던 곳에서 그와 그의 아들과 재회하며 인생 제대로 꼬이다!   “난 아빠가 색소폰 부는 모습이 제일 멋있단 말이야!”  ‘석진’의 영원한 제1호 팬이자 사랑스러운 아들 ‘하늘’. 가난 속에서도 늘 밝지만 색소폰 앞에서는 누구보다 진지한 음악신동. 시원하게 뽑아내는 선율로 우연히 재회한 ‘영걸’을 사로잡다!   이번 생은 엑스트라지만, 그래도 오늘 밤만은 우리 모두가 주인공!   인생 무대에 오르고 싶은 이들의 유쾌하고 찬란한 반격이 시작된다!"
20174981,"밤에만 활동하는 산 자도 죽은 자도 아닌 ‘야귀(夜鬼)‘가 창궐한 세상, 위기의 조선으로 돌아온 왕자 ‘이청’(현빈)은 도처에 창궐한 야귀떼에 맞서 싸우는 최고의 무관 ‘박종사관’(조우진) 일행을 만나게 되고, 야귀떼를 소탕하는 그들과 의도치 않게 함께하게 된다. 한편, 조선을 집어삼키려는 절대악 ‘김자준’(장동건)은 이 세상을 뒤엎기 위한 마지막 계획을 감행하는데…  조선필생 VS 조선필망 세상을 구하려는 자와 멸망시키려는 자! 오늘 밤, 세상에 없던 혈투가 시작된다!"
20010291,"해리 포터(다니엘 래드클리프 분)는 위압적인 버논 숙부(리챠드 그리피스 분)와 냉담한 이모 페투니아 (피오나 쇼 분), 욕심 많고 버릇없는 사촌 더즐리(해리 멜링 분) 밑에서 갖은 구박을 견디며 계단 밑 벽장에서 생활한다. 이모네 식구들 역시 해리와의 동거가 불편하기는 마찬가지. 이모 페투니아에겐 해리가 이상한(?) 언니 부부에 관한 기억을 떠올리게 만드는 달갑지 않은 존재다. 11살 생일이 며칠 앞으로 다가왔지만 한번도 생일파티를 치르거나 제대로 된 생일선물을 받아 본 적이 없는 해리로서는 특별히 신날 것도 기대 할 것도 없다. 11살 생일을 며칠 앞둔 어느 날 해리에게 초록색 잉크로 쓰여진 한 통의 편지가 배달된다. 그 편지의 내용은 다름 아닌 해리의 11살 생일을 맞이하여 전설적인“호그와트 마법학교”에서 보낸 입학초대장이었다. 그리고 해리의 생일을 축하하러 온 거인 해그리드는 해리가 모르고 있었던 해리의 진정한 정체를 알려주는데. 그것은 바로 해리가 굉장한 능력을 지닌 마법사라는 것!  해리는 해그리드의 지시대로 자신을 구박하던 이모네 집을 주저없이 떠나 호그와트행을 택한다. 런던의 킹스크로스 역에 있는 비밀의 9와 3/4 승장장에서 호그와트 특급열차를 탄 해리는 열차 안에서 같은 호그와트 마법학교 입학생인 헤르미온느 그레인저(엠마 왓슨 분)와 론 위즐리 (루퍼트 그린트 분)를 만나 친구가 된다. 이들과 함께 호그와트에 입학한 해리는, 놀라운 모험의 세계를 경험하며 갖가지 신기한 마법들을 배워 나간다. 또한 빗자루를 타고 공중을 날아다니며 경기하는 스릴 만점의 퀴디치 게임에서 스타로 탄생하게 되며, 용, 머리가 셋 달린 개, 유니콘, 켄타우루스, 히포그리프(말 몸에 독수리 머리와 날개를 가진 괴물)등 신비한 동물들과 마주치며 모험을 즐긴다. 그러던 어느 날 해리는 호그와트 지하실에 `영원한 생을 가져다주는 마법사의 돌'이 비밀리에 보관되어 있다는 것을 알게되고, 해리의 부모님을 죽인 볼드모트가 그 돌을 노린다는 사실도 알게 된다. 볼드모트는 바로 해리를 죽이려다 실패하고 이마에 번개모양의 흉터를 남긴 장본인이다. 해리는 볼드모트로부터 마법의 돌과 호그와트 마법학교를 지키기 위해 필사의 노력을 하는데..."
20179006,"원인 모를 기이한 죽음이 이어지는 한 저택. 우연히 이곳에 발을 들이게 된 옥분은 비밀을 간직한 신씨 부인을 만난다. 신씨 부인은 옥분에게 집안에 있는 동안 반드시 지켜야 할 규칙을 이야기하고, 옥분은 상상조차 할 수 없는 서늘한 진실을 마주하게 된다.  죽음이 소리 내어 울기 시작한다! 살고 싶다면, 귀를 막아라!"
20181404,"부모님을 잃고 혼자가 된 ‘루이스’는 유일한 혈육인 삼촌 ‘조나단’(잭 블랙)을 찾아가고 그와 함께 살게 된다.
 ‘조나단’의 오랜 친구이자 이웃사촌인 ‘플로렌스’(케이트 블란쳇) 또한 ‘루이스’를 반갑게 맞아주지만
 ‘루이스’는 어딘가 미스터리한 이 집에서의 생활이 두렵다. 한편, 매일 밤 무언가를 찾아 집을 돌아다니는
 ‘조나단’은 자신을 수상하게 여기는 ‘루이스’에게 결국 자신과 ‘플로렌스’가 마법사임을 고백하고,
 모든 것이 살아 움직이는 미스터리한 이 집에 숨겨진 비밀스러운 시계의 존재를 알려준다.
 
 집 안을 채우는 종소리가 사라지기 전, 시계를 찾아 세상을 집어 삼키려는 저주를 풀어야만 하는
 ‘조나단’과 ‘플로렌스’! 하지만 이들을 도우려던 ‘루이스’로 인해 깨어나선 안될 존재까지 눈을 뜨고 마는데...
 
 과연 세 사람은 비밀의 시계를 찾아 위기에 빠진 세상을 구할 수 있을까?"
20180523,"노래에 놀라운 재능을 가졌지만 외모에는 자신이 없는 무명가수 앨리(레이디 가가)는
 공연을 하던 바에서 우연히 톱스타 잭슨 메인(브래들리 쿠퍼)을 만나게 된다.
 자신의 모든 것을 사랑해주는 잭슨의 도움으로 앨리는 자기 안의 열정을 폭발시키며 최고의 스타로 거듭나지만,
 잭슨은 어린 시절의 상처와 예술가적 고뇌 속에서 점점 무너져가는데…"
20182693,"할로윈이 다가오고 있던 어느 날, 단짝 ‘소니’와 ‘샘’은 으스스한 분위기의 버려진 집을 발견한다.
 그곳에서 자물쇠로 잠겨있는 [구스범스] 책을 찾아낸 ‘소니’와 ‘샘’은 자물쇠를 열고, 심술궂은 인형 ‘슬래피’를 깨우고야 만다. 몬스터 군단의 리더 '슬래피’는 책 속에 갇혀있던 몬스터들을 하나, 둘씩 불러들이고 평온했던 마을은 어느새 위험에 빠지기 시작한다. 
 
 다시 깨어난 몬스터들의 습격으로 엉망진창이 된 할로윈, 
 위험에 빠진 가족과 마을을 구할 수 있을까?"
20180987,"할로윈 밤의 살아 있는 공포이자 레전드로 불리는 ‘마이클 마이어스’
 존재만으로 모든 것을 압도하는 그가 40년 전
 그를 유일하게 기억하는 그녀 ‘로리 스트로드’와 다시 마주하게 되는데…"
20179189,"“일곱, 총 일곱 명 입니다. 제가 죽인 사람들예.” 수감된 살인범 강태오(주지훈)는 형사 김형민(김윤석)에게 추가 살인을 자백한다. 형사의 직감으로 자백이 사실임을 확신하게 된 형민은, 태오가 적어준 7개의 살인 리스트를 믿고 수사에 들어간다.   “이거 못 믿으면 수사 못한다. 일단 무조건 믿고, 끝까지 의심하자.”  태오의 추가 살인은 세상에 알려지지 않은 암수사건.  형민은 태오가 거짓과 진실을 교묘히 뒤섞고 있다는 걸 알게 되지만 수사를 포기하지 않는다.  그러나 다가오는 공소시효와 부족한 증거로 인해 수사는 난항을 겪게 되는데…"
20189067,"스스로를 지키려다 어린 나이에 전과자가 되어 외롭게 살아가던 ‘백상아’ 누구도 믿지 않고 아무것도 마음에 두지 않던 어느 날 나이에 비해 작고 깡마른 몸, 홑겹 옷을 입은 채 가혹한 현실에서 탈출하려는 아이 ‘지은’을 만나게 된다.  왠지 자신과 닮은 듯한 아이 ‘지은’을 외면할 수 없는 ‘상아’는 ‘지은’을 구하기 위해 세상과 맞서기로 결심하는데…  “이런 나라도, 같이 갈래?”"
20182403,"뉴요커 레이첼은 남자친구 닉의 절친 결혼식이 열리는 싱가포르로 향한다. 
 처음으로 아시아를 방문한다는 설렘도 잠시, 닉의 가족을 만난다는 사실이 걱정이다. 
 그런데 알고 보니 닉이 싱가포르에서 가장 부유한 집안의 아들이자 모두가 선망하는 결혼 후보 1순위 신랑감이었던 것. 
 레이첼은 사교계 명사들의 질투와 더불어 본인을 영 탐탁지 않아하는 닉의 어머니의 타겟이 되는데… 
 남친의 재력을 알게 된 순간, 시월드의 문이 활짝 열렸다!"
20186321,"이제껏 누구도 경험하지 못한 세계에 도전한 우주비행사 닐(라이언 고슬링)은, 
 거대한 위험 속에서 극한의 위기를 체험하게 된다.
 전세계가 바라보는 가운데, 그는 새로운 세상을 열 첫 발걸음을 내딛는데…
 
 이제, 세계는 달라질 것이다."
20177221,"진실을 위해서라면 몸을 사리지 않는 정의로운 열혈 기자 '에디 브록'
 거대 기업 라이프 파운데이션의 뒤를 쫓던 그는
 이들의 사무실에 잠입했다가 실험실에서
 외계 생물체 '심비오트'의 기습 공격을 받게 된다.
 
 '심비오트'와 공생하게 된 '에디 브록'은
 마침내 한층 강력한 '베놈'으로 거듭나고,
 악한 존재만을 상대하려는 '에디 브록'의 의지와 달리
 '베놈'은 난폭한 힘을 주체하지 못하는데…!
 
 지배할 것인가, 지배당할 것인가"
20189123,"“어른이 된 나
 인생의 쉼표가 필요한 순간, 
 찾아온 나의 친구들
 다시 만나 행복해”
 
 어른이 된 나 로빈(이완 맥그리거)은 가족도 일도 모두 완벽해 보이지만, 
 한편 지쳐가는 일상 속에 서있다.
 어느 날, 눈 앞에 가장 행복한 시간을 함께했던 비밀 친구 ‘곰돌이 푸와 일행’들이 
 다시 찾아오게 되고 뜻하지 않게 놀라운 모험 속에 빠져들게 되는데…"
20176122,"우리는 물러서는 법을 배우지 못했다!  우리는 무릎 꿇는 법을 배우지 못했다!  우리는 항복이라는 걸 배우지 못했다!  천하를 손에 넣으려는 당 태종은 수십만 대군을 동원해 고구려의 변방 안시성을 침공한다. 20만 당나라 최강 대군 VS 5천명의 안시성 군사들. 40배의 전력 차이에도 불구하고, 안시성 성주 양만춘과 전사들은 당나라에 맞서 싸우기로 결심하는데…  동아시아 역사상 가장 위대한 승리를 이끈 안시성 전투가 시작된다!"
20184678,"각자 자신의 인생이 세상 제일 우울하고 슬플 것이라 자부하는 3명의 남자와 1명의 여자가 만나, 한날한시에 함께 가기로 결심한다. 거사를 위해 먼저 모인 닉네임 ‘최후의 불꽃’ 병남, ‘인생은 미완성’ 심선, ‘행복은 성적순’ 두석. 인생의 끝에 선 세 남자는 가슴에 품어왔던 버킷리스트를 실천하며 비장하게 마지막을 준비한다.  그때 마지막 한 사람, 닉네임 ‘배반의 장미’ 미지가 도착하고 아름답고 매력적인 그녀의 등장으로 모두의 계획에 차질이 생기는데… 완벽한 그녀의 놀라운 과거가 밝혀지며 죽음의 위기(!)에서 살아남기 위한 네 사람의 아주 특별한 하루가 시작된다!"
20187521,"어른이 되기까지 3888일 남은 11살 ‘아오야마’의 
 동네에 펭귄이 나타나면서 시작된 
 평생 잊지 못할 모험을 담은 판타지 어드벤처."
20180628,"인공지능 로봇개 액슬을 우연히 발견한 마일스, 미래형 병기로 만들어졌지만 강아지의 특징을 간직한 액슬을 지키기 위해 생사를 건 모험을 시작한다!"
20180770,"BBC 제작의 검증된 퀄리티! 다이노 어드벤처의 마지막 대장정이 찾아온다!
 
 새끼만을 노리는 잔인한 포식자 스코르피오베나토르!
 육식동물에게서 살아 남기 위해 공생하는 스테고사우루스와 캄푸토사우루스!
 한반도에 거대한 발자국을 남긴 하늘과 땅의 훌륭한 사냥꾼 하체고프테릭스!
 새끼를 위해 못할 건 아무것도 없는 강한 모성애의 기간토랍토르!
  
 이제껏 어디에서도 볼 수 없었던 육지와 바다, 하늘의 거대한 공룡들의 생존투쟁!
 
 최상의 포식자가 눈을 뗄 수 없는 흥미진진한 이야기를 들고 찾아온다."
20189462,"런던 최대 불꽃놀이를 앞두고 
 도시 전체를 혼란에 빠뜨린 정원 요정 실종 사건이 발생했다! 
 
 최고의 탐정이자 추리의 귀재 ‘셜록 놈즈’와 그의 영원한 파트너 ‘왓슨’이 수사에 나서고, 
 사라진 가족들을 찾기 위해 ‘노미오’와 ‘줄리엣’까지 투입되어 합동 수사를 시작한다! 
 
 ‘셜록’은 이 사건이 죽은 줄만 알았던 숙적 ‘모리아티’의 짓임을 알게 되고, 
 그가 숨겨놓은 단서를 찾아 나서는데…"
20177308,"어떠한 상황에서도 냉철함을 잃지 않던 최고의 협상가 ‘하채윤’은 긴급 투입된 현장에서 인질과 인질범 모두 사망하는 사건을 겪고 충격에 휩싸인다.   그로부터 10일 후,  경찰청 블랙리스트에 오른 국제 범죄조직의 무기 밀매업자 ‘민태구’가  태국에서 한국 경찰과 기자를 납치하고 그녀를 협상 대상으로 지목한다.   이유도 목적도 조건도 없이 사상 최악의 인질극을 벌이는 ‘민태구’와 그를 멈추기 위해 한치도 물러설 수 없는 협상가 ‘하채윤’   남은 시간 12시간, 목숨을 건 일생일대의 협상이 시작된다!"
20188661,"A는 매일 아침 다른 사람 몸에서 깨어난다.
 
 나이는 항상 똑같다.
 같은 사람이 두 번 되진 않는다.
 어떤 모습이든, 늘 똑같은 A다!
 
 그리고 매일, 나와 사랑에 빠진다!
 “매일 모습이 바뀌는 남친과 리아넌의 24시간 리셋 로맨스 시작!”"
20172204,"땅의 기운을 점쳐 인간의 운명을 바꿀 수 있는 천재지관 박재상(조승우)은 명당을 이용해 나라를 지배하려는 장동 김씨 가문의 계획을 막다 가족을 잃게 된다.  13년 후, 복수를 꿈꾸는 박재상 앞에 세상을 뒤집고 싶은 몰락한 왕족 흥선(지성)이 나타나 함께 장동 김씨 세력을 몰아낼 것을 제안한다.  뜻을 함께하여 김좌근 부자에게 접근한 박재상과 흥선은 두 명의 왕이 나올 천하명당의 존재를 알게 되고, 서로 다른 뜻을 품게 되는데…"
20167903,"딸 앞에선 바보지만 남의 일에는 1도 관심 없는 유도 관장 ‘장수’(마동석)에게  의욕과다 경찰 출신 고스트 ‘태진’(김영광)이 보이기 시작한다.  안 들리는 척, 안 보이는 척해도  ‘장수’에게 착! 달라붙은 고스트 ‘태진’은 그에게 자신과 함께 이 동네에서 일어나는 사건을  함께 수사할 것을 부탁하는데…  인간과 고스트의 신들린 합동수사가 시작된다!"
20189262,"루마니아의 젊은 수녀가 자살하는 사건을 의뢰 받아 바티칸에서 파견된 버크 신부와 아이린 수녀가 
 수녀원을 조사하면서 충격적인 악령의 실체와 만나게 되는 이야기를 그린다."
20188304,"도깨비왕 ‘라선’은 자신의 부활을 위해, 사악한 요괴 바이러스 ‘어둠깨비’를 지구에 퍼뜨리고
 ‘어둠깨비’들은 외로운 소년 ‘서도영’을 통해 어둠의 힘을 증식시킨다.
 
 한편 ‘염라대왕’의 지시를 받아 새로운 요괴워치의 주인을 찾던 ‘위스퍼’는
 정의감이 강한 소녀 ‘윤단아’와 술법을 사용할 줄 아는 소년 ‘천유성’을 만난다. 
 
 ‘윤단아’는 절체절명의 위기에서 벗어나기 위해 요괴들을 소환하기 시작하고,
 요괴들에게는 라이트사이드&섀도사이드 두 개의 얼굴이 있다는 사실을 알게 된다. 
 
 그리고 마침내 시작된 운명의 전투!"
20180167,"핼러윈 데이를 맞은 미소와 코코밍들은 마녀, 드라큘라 등으로 변장하고 친구들을 초대해 파티를 연다. 하지만, 파티가 시작되고 미스터리한 사건들이 발생하자 오히려 코코밍들은 겁에 질린다.  거기다가 이게 웬일? 위대한 엔젤 코코도사가 누군가의 습격을 받고 쓰러져 있다?! 놀란 코코밍들은 코코도사가 남긴 단서로 범인을 찾기 위해 머리를 맞대보지만, 추리가 계속될수록 서로를 의심하기 시작하는데...  코코밍들은 사건을 해결하고, 신나고 유쾌한 파티를 즐길 수 있을까?"
20189746,"놀이터 구조대가 되는 꿈을 가진 ‘뽀잉’!
 뛰어난 능력을 가진 ‘하이에나’ 박사님의 실험실을 찾아가게 된다.
 하지만 ‘뽀잉’의 실수로 공룡 장난감은 ‘티라노 로봇’으로 변신하고
 숲속 동물들이 괴물로 변해 놀이터 마을은 위기에 처하게 된다.
 
 슈퍼 변신에 도전하는 ‘뽀잉’과 힘이 센 ‘빙빙이’, 아이디어 뱅크 ‘몽바’의
 놀이터 마을을 지키기 위한 모험이 시작된다!
 
 “우리 다 같이 놀이터 마을을 구하자!”"
20156554,"중종 22년, 거대한 물괴가 나타나 백성들을 공격하기 시작한다. 물괴와 마주친 백성들은 그 자리에서 잔인하게 죽임을 당하거나 살아남아도 역병에 걸려 끔찍한 고통 속에 결국 죽게 되고, 한양은 삽시간에 공포에 휩싸인다. 모든 것이 자신을 몰아세우는 영의정과 관료들의 계략이라 여긴 중종은 옛 내금위장 윤겸을 궁으로 불러들여 수색대를 조직한다. 윤겸과 오랜 세월을 함께한 성한과 외동딸 명, 그리고 왕이 보낸 허선전관이 그와 함께 한다. 물괴를 쫓던 윤겸과 수색대는 곧 실로 믿을 수 없는 거대한 비밀을 마주하게 되는데…"
20153446,"고3 여름, 전학생 ‘승희’(박보영)를 보고 첫눈에 반한 ‘우연’(김영광). 승희를 졸졸 쫓아다닌 끝에 마침내 공식커플로 거듭나려던 그때! 잘 지내라는 전화 한 통만 남긴 채 승희는 사라져버리고, 우연의 첫사랑은 그렇게 막을 내리는 듯했다. 1년 뒤, 승희의 흔적을 쫓아 끈질긴 노력으로 같은 대학에 합격한 우연. 그런데 그의 앞을 가로막은 건… 다름 아닌 그녀의 남.자.친.구!  예술로 빗나가는 타이밍 속 다사다난한 그들의 첫사랑 연대기는 계속된다!"
20188581,"다른 종의 DNA를 이용해 더욱 영리하고 치명적으로 진화한 외계 빌런 ‘프레데터’.
 더욱 무자비해진 그의 등장으로 지구는 위협에 휩싸이게 된다.
 특수 부대원 출신 ‘퀸’(보이드 홀브룩)은 비밀 정부 미션에 참여 중인 진화생물학자 ‘케이시’(올리비아 문)를 만나게 되고
 범죄 전력이 있는 전직 군인들과 함께 ‘프레데터’에 맞서 생존을 위한 사투를 벌이게 되는데…
 
 사냥 당할 것인가, 살아남을 것인가
 진짜 사냥은 지금부터다!"
20189362,"하루 아침에 모든 것을 잃고 전신마비가 된 그레이.
 인간의 모든 능력을 업그레이드하는 최첨단 두뇌 ‘스템’을 장착하고
 이제, 아내를 죽인 자들을 직접 처단하기 위한 그의 통제 불능 액션이 시작 되는데…"
20177537,"학생들에게 인기와 존경을 동시에 받는 경제학 교수 ‘태준’(박해일)은 우연한 기회를 통해 촉망받는 정치 신인으로 국회의원 선거에 출마하게 된다. 한편 그의 아내이자 미래미술관의 부관장 ‘수연’(수애)은 재개관전을 통해 관장 자리에 오르려 한다.  그러나 ‘수연’의 미술품 거래와 ‘태준’의 선거 출마 뒤에 미래그룹과 민국당의 어두운 거래가 있었다는 것이 밝혀지고 두 사람은 완벽한 상류사회 입성을 눈앞에 두고 위기에 처한다. 이 기회를 절대 놓칠 수 없는 ‘태준’과 ‘수연’ 부부는 민국당과 미래그룹에게 새로운 거래를 제안하게 되는데...  가장 아름답지만 가장 추악한 곳, 그곳으로 들어간다!"
20181942,"“인생은 짧고 세상은 넓어. 멋진 추억을 만들고 싶어!”  엄마 도나(메릴 스트립)의 모든 것이 담긴 호텔 재개장을 준비하며 홀로서기를 결심한 소피. 그녀는 엄마의 영원한 친구 타냐와 로지, 그리고 사랑스러운 세 아빠들 샘, 해리, 빌에게 리오픈 파티 초대장을 보낸다. 한편 소피는 파티 준비 중 엄마의 숨겨진 찬란했던 추억과 비밀을 들여다보게 되고, 뜻밖의 손님까지 방문하는데… 과연 한여름의 파티는 무사히 열릴 수 있을까?  “엄마가 자랑스러워할 인생 최고의 파티를 열게요!”"
20186202,"천 년 동안 48명의 망자를 환생시킨 저승 삼차사, 한 명만 더 환생시키면 그들도 새로운 삶을 얻을 수 있다. 하지만 강림(하정우)은 원귀였던 수홍(김동욱)을 자신들의 마지막 귀인으로 정하는 이해할 수 없는 선택을 한다. 저승법 상 원귀는 소멸되어야 마땅하나 염라대왕(이정재)은 저승 삼차사에게 새로운 조건을 내걸며 강림의 제안을 수락한다. 염라의 조건은 성주신(마동석)이 버티고 있어 저승 차사들이 가는 족족 실패하는 허춘삼 노인을 수홍의 재판이 끝나기 전까지 저승으로 데려오는 것.   허춘삼을 데리러 이승으로 내려간 해원맥(주지훈)과 덕춘(김향기), 하지만 성주신의 막강한 힘 앞에 속수무책으로 당하기만 하던 중 우연히 그가 천 년 전 과거에 해원맥과 덕춘을 저승으로 데려간 저승 차사였다는 사실을 알게 된다. 스스로도 기억 못 하는 과거에 대한 호기심으로 해원맥과 덕춘은 성주신과 거래를 시작하는데…  이승과 저승, 현재와 과거를 오가는 천 년의 비밀이 밝혀진다!"
20179101,"1993년, 북한 핵 개발을 둘러싸고 한반도의 위기가 고조된다. 정보사 소령 출신으로 안기부에 스카우트된 박석영(황정민)은 ‘흑금성’이라는 암호명으로  북핵의 실체를 캐기 위해 북의 고위층 내부로 잠입하라는 지령을 받는다.  안기부 해외실장 최학성(조진웅)과 대통령 외에는 가족조차도 그의 실체를 모르는 가운데  대북사업가로 위장해 베이징 주재 북 고위간부 리명운(이성민)에게 접근한 흑금성. 그는 수 년에 걸친 공작 끝에, 리명운과 두터운 신의를 쌓고  그를 통해서, 북한 권력층의 신뢰를 얻는데 성공한다. 그러나, 1997년. 남의 대선 직전에 흑금성은 남과 북의 수뇌부 사이 은밀한 거래를 감지한다. 조국을 위해 굳은 신념으로 모든 것을 걸고 공작을 수행했던 그는 걷잡을 수 없는 갈등에 휩싸이는데…"
20170670,중국 내 실화를 바탕으로 한 스릴러 영화로 한 아이가 차에 치인 상황에서 아무도 도와주지 않은 사람들 때문에 결국 죽음에 이르게 된 이야기
20189261,"환상적인 섬 타히티에서 운명처럼 사랑에 빠진 
 바다를 닮은 자유로운 여자 ‘태미’와 
 바다를 사랑하는 섬세한 남자 ‘리처드’는 
 함께 요트를 타고 6,500km의 긴 항해를 시작한다. 
 
 바다 위에서 인생 최고의 행복한 시간을 만끽하던 연인은 
 남태평양 한가운데에서 예상치 못한 사상 최악의 허리케인을 만나게 되는데… 
 
 사랑은 
 우리를 버리지 않는다."
20187647,"생일날 문자 이별 통보도 모자라
 엿 같은 미션을 남기고 떠난 CIA 구남친 덕에
 오드리(밀라 쿠니스)와 절친 모건(케이트 맥키넌)은 국제적인 범죄에 연루된다. 
 
 얼떨결에 스파이가 되어버린 이들이 유럽 전역을 누비는 가운데,
 정체를 알 수 없는 영국 요원들이 접근하고 최정예 킬러까지 따라붙으며
 두 절친의 입담과 액션이 터지기 시작하는데…
 
 이들의 근본 없는 액션이 당신을 깨운다!"
20181181,"도난당한 핵무기를 되찾아 오는 위험천만한 작전 중, 에단 헌트(톰 크루즈)는 임무를 포기하고, 팀원의 목숨을 구하는 선택을 한다.
 이제, 핵무기는 문명을 무너뜨리려는 사악한 테러조직의 손에 넘어갔다.
 세계를 멸망시킬 핵 재앙을 막기 위해 세계 최강 스파이기관, IMF의 에단 헌트와 정예 요원들(사이먼 페크, 빙 라메스, 레베카 퍼거슨)은 숙명의 라이벌, 중앙정보국 CIA의 상급 요원(헨리 카빌)과 불편한 동맹을 맺어야만 한다.
 이보다 더 불가능한 미션은 없었다!
 역대 최대 규모, 최강 액션을 기대하라!"
20139221,"한 우주비행사가 지구로 돌아와 적응하려고 노력한다.
 
 [제11회 서울국제초단편영화제]"
20184802,"평생 몬스터 호텔을 지키며
 단 하루도 쉴 틈이 없었던 몬스터 호텔 주인 드라큘라 ‘드락’.
 
 아빠의 생애 첫 휴가를 위해 딸 ‘마비스’는 일생일대 크루즈 가족 여행을 계획하고,
 여름을 맞이한 몬스터 호텔 가족들은 인간 세상으로 생애 첫 바캉스를 떠난다. 
 
 시작부터 좌충우돌인 바캉스에서 ‘드락’은 미모의 크루즈 선장 ‘에리카’에게 첫눈에 반하고,
 급기야 그녀의 무시무시한 비밀이 밝혀지면서 완벽했던 몬스터 호텔 가족들의 휴가는 오싹한 악몽으로 뒤바뀌는데!
 
 그래서 진짜 휴가는 언제 가는 거죠?"
20183584,"국제 해저 관측 프로그램으로 일환으로 심해를 탐사 중인 해저 탐험대는 정체 모를 거대 생물에게 공격을 당한다.
 긴급 투입된 심해 구조 전문가 조나스(제이슨 스타뎀)는 그것이 200만년 전 멸종된 것으로 알려진 ‘메가로돈’임을 주장한다.
 아무도 믿으려 하지 않지만, 조나스는 역사상 가장 위대하고 가장 거대한 포식자와 두 번째로 마주하는 것인데…"
20187657,"군사, 외교의 사각지대에서 임무를 수행하는 실패율 제로의 비밀조직 ‘오버워치’.
 그들에게 전 세계 6개 주요 도시의 테러를 막을 수 있는 유일한 정보를 지닌 ‘타겟’이 접근한다.
 22마일 떨어진 안전한 장소로 ‘타겟’을 이동시키는 새로운 작전이 시작되고, 타겟을 노리는 적들의
 거센 공격이 가해지자 오버워치 팀원들은 작전 성공을 위해
 자신들의 목숨을 바꿔가며 1마일씩 이송작전을 수행한다.
 적을 뚫고 목적지에 가까워질수록 궁지에 몰리게 된 오버워치 앞에
 타겟의 숨겨진 미션이 드러나게 되면서 또 다른 위기를 맞게 되는데…"
20187641,"보물을 찾기로 결심한 진구는 도라에몽의 ‘보물찾기 지도’로 수수께끼 섬을 발견한다.
 ‘노진구올라호’를 타고 보물섬으로 향하던 도라에몽과 친구들은 해적에게 습격 당하고 이슬이까지 납치되고 마는데…
 우연히 바다에서 표류하던 소년 플록과 앵무새 로봇 퀴즈를 만나 보물섬의 비밀에 대해 알게 된다!
 과연 캡틴도라와 친구들은 수수께끼 섬에 잠든 환상의 보물을 찾을 수 있을까?"
20187427,"국제 정상회담 개최지 ‘엣지 오브 오션’에서 발생한 대규모 폭발 사건! 
 사건 현장에서 발견된 지문으로 유력한 용의자가 된 모리 코고로는 긴급 체포된다! 
 하지만, 이후에도 도심 곳곳에서는 원인을 알 수 없는 폭발 사건이 이어지고, 
 극도로 은밀히 움직이는 아무로 토오루의 기묘한 행동에 코난은 의문을 품기 시작하는데…
 과연, 테러의 목적과 진짜 범인의 정체는?!"
20186501,"이유를 알아보기 위해 백악기 시대로 시간 이동을 한 차탄!
 그곳에서 새로운 비밀친구 공룡카봇을 만나게 되고,
 엄청난 에너지를 가진 응가암을 둘러싼 소동이 펼쳐지는데!
 차탄과 공룡카봇들이 펼치는 백악기 시대의 놀라운 모험속으로!"
20183361,"슈퍼맘 ‘헬렌’이 국민 히어로 ‘일라스티걸’로 활약하며 세상의 주목을 받자
 바쁜 아내의 몫까지 집안일을 하기 위해 육아휴직을 낸 아빠 ‘밥’은
 질풍노도 시기의 딸 ‘바이올렛’, 자기애가 넘치는 아들 ‘대쉬’,
 어마무시한 능력을 시도때도 없이 방출하는 막내 ‘잭잭’까지 전담하며
 전쟁같은 하루하루를 보낸다.
 
 그러던 어느 날,
 각자의 위치에서 바쁜 일상을 보내던 슈퍼파워 가족 앞에 새로운 악당이 나타났다!
 
 다시 한번 세상을 구하기 위해 나선 가족은
 ‘인크레더블’한 능력을 발휘할 수 있을까?"
20185242,"100년이 넘은 신비아파트에 살고 있는 '하리', '두리' 남매와 102살 도깨비 '신비'는 우연히 숲 속에 숨겨진 비밀의 동굴을 발견한다. 동굴의 힘에 휩쓸려 22년 전 과거, 1996년으로 가게 된 '하리', '두리', '신비'는 아파트가 사라진 마을에서 어린 시절의 엄마 '유지미'를 만난다. '유지미'의 보물지도를 따라 함께 모험을 떠나게 된 '하리', '두리', '신비'는 금빛 도깨비 '금비'를 만나게 되고, 이들은 함께 오싹한 모험을 시작하는데...!"
20186121,"할머니의 연금과 물건을 훔쳐 생활하며 가난하지만 웃음이 끊이지 않는 어느 가족.
 우연히 길 위에서 떨고 있는 한 소녀를 발견하고 집으로 데려와 가족처럼 함께 살게 된다.
 그런데 뜻밖의 사건으로 가족이 뿔뿔이 흩어지게 되고 각자 품고 있던 비밀과 간절한 바람이 드러나게 되는데…"
20170942,"남북한 정부가 통일준비 5개년 계획을 선포한 후, 강대국의 경제 제재가 이어지고, 민생이 악화되는 등 지옥 같은 시간이 이어지고 있는 혼돈의 2029년.  통일에 반대하는 반정부 무장테러단체 ‘섹트’가 등장하자 ‘섹트’를 진압하기 위해 설립된 대통령 직속의 새로운 경찰조직 ‘특기대’가 정국의 주도권을 장악한다. 이에 입지가 줄어든 정보기관 ‘공안부’는 ‘특기대’를 말살할 음모를 꾸민다.   절대 권력기관 간의 피비린내 나는 암투 사이, ‘특기대’ 내 비밀조직 ‘인랑’에 대한 소문이 떠도는데…  늑대로 불린 인간병기 '인랑'"
20180522,"‘시빌 워’ 사건 이후 은둔하며 히어로와 가장의 역할 사이에서 고민 중이던 
 ‘앤트맨’과 새로운 파트너 ‘와스프’ 앞에 정체불명의 빌런 ‘고스트’가 등장한다. 
 시공간의 개념이 사라진 양자 영역으로 들어갈 수 있는 기술을 훔쳐 달아난 
 고스트를 쫓던 앤트맨과 와스프는 상상도 못했던 상황에 직면하는데…"
20185341,"함께 스키 리조트로 여행을 떠난 7명의 친구들.
 트럭 사고로 길이 봉쇄되자 이들은 사람이 다니지 않는 숲길로 향한다.
 하지만 결국 길을 잃고 외부와 연락마저 끊긴 상황. 
 이때 불길한 기운이 이들을 사로잡는데..."
20181443,"세계 최고층 빌딩, 사상 최대의 재난
 역대 최악의 테러 집단을 향한 불꽃같은 그의 분노가 폭발한다!"
20188042,"의문의 폭발 사고 후, 오랫동안 마약 조직을 추적해온 형사 ‘원호’(조진웅)의 앞에 조직의 후견인 ‘오연옥’(김성령)과 버림받은 조직원 ‘락’(류준열)이 나타난다. 그들의 도움으로 아시아 마약 시장의 거물 ‘진하림’(김주혁)과  조직의 숨겨진 인물 ‘브라이언’(차승원)을 만나게 되면서 그 실체에 대한 결정적 단서를 잡게 되는데…  끝까지 의심하라! 독한 자들의 전쟁이 시작된다!"
20186001,"150년간 자리를 지켜온 성 제임스 교회의 목사 ‘데이빗 힐’은 
 교회에서 일어난 의문의 화재사건으로 친구를 잃고
 캠퍼스 내에 위치한 교회의 퇴거를 요구하는 주립대와 갈등을 빚는다.
 학교와의 갈등은 점점 더 깊어져 데이빗 목사의 신념과 믿음마저 흔들리게 되는데…
 
 절망의 끝에서 모든 사람이 발견해야 할 진리가 타오른다!"
20185621,"엄격한 룰과 신뢰를 바탕으로 운영되는 범죄자 전용 병원 호텔 아르테미스. 
 무면허 의사 진 토마스는 섬세한 간호사 에베레스트와 함께 22년째 이곳을 운영 중이다.
 
 어느 날 총상을 입은 은행 강도와 베테랑 킬러, 진상 고객 무기상과 
 마피아 보스 '울프킹'과 그의 패거리까지 최악의 악당들이 이곳에 모여들면서
 모든 룰이 깨지고, 오픈 이래 가장 분주한 밤이 시작되는데…"
20180282,"수능을 끝낸 6명의 고등학생, 섬뜩한 소문이 있는 귀신의 집을 우연히 발견하게 된다. 그곳에서 죽음의 속삭임과 함께 친구들이 한 명씩 사라지고 멈출 수 없는 극한의 공포가 그들을 덮치는데..."
20184845,"XP(색소성건피증)라는 희귀병으로 태양을 피해야만 하는 케이티.
 오직 밤에만 외출이 허락된 그녀에게는 어머니가 남겨준 기타와
 창문 너머로 10년째 짝사랑해온 ‘찰리’가 세상의 빛이다.
 어느 날 작은 기차역에서 한밤의 버스킹을 하던 ‘케이티’의 앞에 ‘찰리’가 나타나고,
 두 사람은 매일 밤마다 모두가 부러워하는 완벽한 데이트를 이어간다.
 처음으로 함께 여행을 떠난 날,
 꿈 같은 시간을 보내던 ‘케이티’는 그만 지켜야만 하는 규칙을 어기게 되고
 결국 피할 수 없는 선택을 해야만 하는데…
 
 너에게 하고 싶은 진짜 사랑 고백
 태양이 뜬 뒤에도 내 곁에 있어줄래?"
20174369,"발렛 파킹, 편의점 아르바이트로 빡센(?!) 청춘을 보내지만, 쇼미더머니 6년 개근의 열정을 불태우는 무명 래퍼 학수 a.k.a 심뻑(박정민). 또 다시 예선 탈락을 맞이한 인생 최악의 순간, 한 통의 전화를 받고 잊고 싶었던 고향 변산으로 향한다.  짝사랑 선미 (김고은)의 꼼수(?)에 제대로 낚여 고향에 강제로 소환된 학수. 징글징글하게 들러 붙는 옛 친구들로 인해 지우고 싶었던 흑역사는 하나, 둘 떠오르고 하루 빨리 고향을 뜨고 싶었던 학수는 예측 불허의 사건들을 겪으면서 인생 최대 위기를 맞이하게 되는데…  빡세지만 스웩 넘치고, 부끄럽지만 빛나는 청춘! 징하게 들러붙는 흑역사 정면 돌파가 시작된다!"
20178161,"역대급 미제 사건을 해결한 추리 콤비, 셜록 덕후 만화방 주인 ‘강대만’(권상우)과 광역수사대 레전드 형사 ‘노태수’(성동일)! 드디어 대한민국 최초 탐정사무소를 개업하고, 전직 사이버 수사대 에이스 ‘여치’(이광수)까지 영입하며 탐정으로서의 첫 발을 내딛는다.  하지만 꿈과 현실은 다른 법! 기다리는 사건 대신 파리만 날리고, 생활비 압박에 결국 경찰서까지 찾아가 몰래 영업을 뛰기 시작한다.  드디어 기다림 끝에 찾아온 첫 의뢰인. 게다가 성공보수는 무려 5천만 원! 자신만만하게 사건을 받아 든 세 사람은 파헤칠수록 꼬리에 꼬리를 무는 의심스러운 증거들로 혼란에 빠지기 시작하는데…  ""우리가 가는 길 미제사건이란 없다"" 최강 트리플 콤비의 본격 추리가 시작된다!"
20172469,"1992~1998 6년의 기간, 23번의 재판, 10명의 원고단, 13명의 변호인! 시모노세키와 부산을 오가며 일본 재판부에 당당하게 맞선 할머니들과  그들을 위해 함께 싸웠던 사람들의 뜨거운 이야기가 시작된다!"
20185001,"깊고 깊은 바닷속 신비의 해저 왕국. 
 개구쟁이 아기상어 메이는 바닷속 탐험 놀이를 하던 중 
 유령선에서 우연히 시간을 바꾸는 매직박스를 발견한다.
 하지만 매직박스를 잘못 건드리는 바람에 
 무서운 아빠 상어 빅샤크가 꼬마로 변해버리고
 조그만 악동 물고기들은 거대한 꽃게 몬스터로 변신한다.
 평화롭던 바다왕국은 하루아침에 뒤죽박죽 마법에 걸려 위험에 빠지는데...
 
 꼬마로 변한 아빠 빅샤크와 아기상어 메이는 
 수달 보보, 문어 핑키, 소라게 하부 등 바닷속 친구들과 함께 
 마법의 주문을 풀고 바다왕국을 원래대로 되돌려 놓기 위해 
 바다 끝, 머나먼 미지의 세계로 짜릿하고 신비한 모험을 시작한다."
20182564,"영화감독을 꿈꾸는 ‘켄지’. 우연히 발견한 오래된 흑백 고전 영화 속 ‘미유키’ 공주를 동경하게 된 그는 아무도 없는 극장에 남아 그녀가 나오는 영화를 혼자 감상하는 것이 일상이 된다.  폭우가 몰아치던 어느 날, 그에게 영화보다 더 영화 같은 일이 벌어지게 되는데! 바로 스크린 속 ‘미유키’ 공주가 현실 속으로 나타난 것.  흑백 영화에서 막 튀어나온 말괄량이 ‘미유키’ 공주와 해피 엔딩을 꿈꾸는 순수 청년 ‘켄지’의 신분(!), 컬러(!), 시공간을 초월한 아름다운 로맨스가 시작된다!"
20179086,"지상 최대의 테마파크 ‘쥬라기 월드’가 폐쇄된 이후 화산 폭발 조짐이 일어나자,
 오웬(크리스 프랫)과 클레어(브라이스 달라스 하워드)는 공룡들의 멸종을 막기 위해 
 이슬라 누블라 섬으로 떠난다.
 
 한편, 진화된 공룡들을 이용하려는 세력의 거대한 음모가 드러나고,
 절대 지상에 존재해선 안될 위협적 공룡들이 마침내 세상 밖으로 등장하게 되는데…
 	
 공룡들의 세상이 돌아온다!"
20184721,"마약 카르텔이 테러리스트들을 국경으로 수송하고 있다는 정보를 입수한 CIA 작전 총 책임자 맷(조슈 브롤린).
 그는 가족이 카르텔에 의해 살해당한 의문의 남자 알레한드로(베니치오 델 토로)에게 도움을 요청한다.
 그리고 이들은 정의 뿐 아니라 그들의 룰도 버린 비밀 작전을 감행하게 되는데···"
20184903,"전 애인의 배신으로 5년간 감옥에서 썩은 ‘데비 오션’(산드라 블록)은 가석방되자마자 
 믿음직한 동료 ‘루’(케이트 블란쳇)와 함께 새로운 작전을 계획한다. 
 그들의 목표는 바로, 뉴욕 메트로폴리탄 박물관에서 열리는 미국 최대 패션 행사인 
 메트 갈라에 참석하는 톱스타 ‘다프네’(앤 해서웨이)의 목에 걸린 1천 5백억 원의 다이아몬드 목걸이를 훔치는 것! 
 디자이너부터 보석전문가, 소매치기와 해커까지, 전격 결성된 각 분야 전문가들이 마침내 실행에 나서는데…
 
 기가 막힌 작전, 그 뒤에 또 다른 목적
 화끈하게 훔치고 시원하게 갚는다!"
20179383,"의문의 폭발 사고 후, 오랫동안 마약 조직을 추적해온 형사 ‘원호’(조진웅)의 앞에 조직의 후견인 ‘오연옥’(김성령)과 버림받은 조직원 ‘락’(류준열)이 나타난다. 그들의 도움으로 아시아 마약 시장의 거물 ‘진하림’(김주혁)과  조직의 숨겨진 인물 ‘브라이언’(차승원)을 만나게 되면서 그 실체에 대한 결정적 단서를 잡게 되는데…  끝까지 의심하라! 독한 자들의 전쟁이 시작된다!"
20184101,"취미는 게임, 특기는 글쓰기인 여중생 ‘미래’가 가장 좋아하는 곳은 게임 세계 ‘원더링 월드’. 괴물 같은 아빠도 없고, 외로운 학교도 가지 않아도 되는 그 곳에서 미래는 자신만의 세상을 꿈꾸며 살아간다. 그러다 난생 처음으로 현실친구를 사귀기 위해 '태양'과 '백합'에게 다가가려 조금씩 용기를 내어 보지만, 뜻하지 않은 사건으로 인해 상처 받고 더욱 움츠러 들고 만다.  게다가 유일한 세상이었던 ‘원더링 월드’마저 서비스를 중단한다는 소식이 전해지고,  다시 혼자가 된 미래는 랜선친구 ‘재희’를 만나러 가는데…  새로운 세상을 만나버린 ‘미래’의 앞날은 과연 어떻게 될까?"
20185081,"뛰어난 패션센스에 매력적인 성격이지만 통통한 몸매가 불만인 ‘르네’
 하아.. 예뻐지기만 하면 뭐든 다 할 수 있을 것만 같다.
 하늘에 온 마음을 담아 간절히 소원을 빌지만 당연히 달라지는 건 1%도 없고. 
 
 오늘도 헬스클럽에서 스피닝에 열중하는 ‘르네’! 
 집중! 또 집중! 난 할 수 있다! 예뻐질 수 있다..!!! 
 그러나 과도한 열정은 오히려 독이 되는 법. 
 미친 듯이 페달을 밟다가 헬스 클럽 바닥에 내동댕이쳐져 머리를 부딪히고..
 지끈지끈한 머리, 창피해서 빨개진 얼굴로 겨우 일어났는데 뭔가 이상하다!
 헐, 거울 속의 내가… 좀 예쁘다?! 
 
 드디어 소원성취한 ‘르네’의 참을 수 없는 웃음이 터진다!"
20184689,"1950년 한국전쟁에 파병된 ‘슐레이만’은 칠흑 같은 어둠 속 홀로 남겨진 5살 소녀를 발견한다. 전쟁과 부모를 잃은 충격 속에 말을 잃은 소녀. ‘슐레이만’은 소녀에게 터키어로 ‘달’이라는 뜻의 ‘아일라’라는 이름을 지어주고 함께 부대로 향한다. 서로에게 무엇과도 바꿀 수 없는 가장 소중한 존재가 된 두 사람. 그러나 행복도 잠시, ‘슐레이만’은 종전과 함께 고국으로 돌아가라는 명령을 받게 되고, ‘아일라’를 끝까지 지켜내기 위해 모두의 반대 속에 자신의 선택을 감행하게 되는데…  전 세계를 감동시킨 위대한 이야기가 찾아온다!"
20090834,"지구 에너지 고갈 문제를 해결하기 위해
 판도라 행성으로 향한 인류는 원주민 ‘나비족’과 대립하게 된다.
 이 과정에서, 전직 해병대원 제이크 설리(샘 워싱턴)가
 ‘아바타’ 프로그램을 통해 ‘나비족’의 중심부에 투입되는데…
 
 피할 수 없는 전쟁! 이 모든 운명을 손에 쥔 제이크!
 그 누구도 넘보지 못한 역대급 세계가 열린다!
 
 아바타: 인간과 ‘나비족’의 DNA를 결합해 만들어졌으며
 링크룸을 통해 인간의 의식으로 원격 조종할 수 있는 새로운 생명체"
20184801,"‘애니’는 일주일 전 돌아가신 엄마의 유령이 집에 나타나는 것을 느낀다. 
 애니가 엄마와 닮았다며 접근한 수상한 이웃 ‘조안’을 통해 엄마의 비밀을 발견하고, 
 자신이 엄마와 똑같은 일을 저질렀음을 알게 된다. 
 그리고 마침내 애니의 엄마로부터 시작돼 
 아들 ‘피터’와 딸 ‘찰리’에게까지 이어진 저주의 실체가 정체를 드러내는데…"
20135305,"포켓몬 콘테스트를 위해 아라모스 마을을 찾은 지우, 빛나, 웅. 그런데 그곳에서 전설의 포켓몬 디아루가와 펄기아의 배틀이 벌어지고, 어떤 이유인지 환상의 포켓몬 다크라이까지 합세하게 된다.  지우와 피카츄, 그리고 그곳에 있던 모든 포켓몬은 유례없는 대결로 위험에 빠진 아라모스를 지키려 하고,  그 과정에서 사상 최대의 포켓몬 대전투의 막이 열리게 되는데…"
20176848,"암치료를 위한 비밀 실험에 참여한 후,
 강력한 힐링팩터 능력을 지닌 슈퍼히어로 데드풀로 거듭난 웨이드 윌슨(라이언 레놀즈),
 운명의 여자친구 바네사(모레나 바카린)와 행복한 미래를 꿈꾸지만 다시 나락으로 떨어지고,
 밑바닥까지 내려간 데드풀은 더 나은 사람이 되기로 결심한다.
 
 어느 날, 미래에서 시간 여행이 가능한 용병 케이블(조슈 브롤린)이 찾아 오면서
 새로운 사건이 발생하고 데드풀은 생각지도 못한 기상천외 패밀리를 결성하게 되는데..."
20184512,"사치밖에 모르는 마그네시아 공주 때문에 날이 갈수록 휘청거리는 고철왕국.
 하지만 엉뚱하게도, 이 모든 어려움이 기사단의 탓이 되어 하루 아침에 기사단이 사라지고 만다. 
 기사단의 용감함과 소중함을 알게 해주려는 명예 기사 토니의 큰 그림은 물거품이 되어 버리고…
 
 슬픔에 빠진 토니는 어느 날 우연히 자신의 집 지하실에서 한 꼬마 유령을 만나게 된다. 
 그 꼬마 유령은 고철왕국의 발명가였던 토니의 아버지가 생전에 끝내지 못한 발명품의 설계도를 보여준다. 
 
 토니는 자신의 아버지가 고철왕국을 지키기 위해 만들려고 했지만
 완성하지 못한 일을 자신이 마저 끝내기로 결심한다! 
 
 과연, 토니는 이 원대한 발명에 성공할 수 있을까? 
 그리고 고철왕국의 기사단은 다시 명예를 되찾을 수 있을까?"
20177478,인피니티 워 이후 절반만 살아남은 지구 마지막 희망이 된 어벤져스 먼저 떠난 그들을 위해 모든 것을 걸었다!  위대한 어벤져스 운명을 바꿀 최후의 전쟁이 펼쳐진다!
20184261,"실험실 유리상자에 갇혀 있던 꼬마 무당벌레 ‘루비’는
 곤충들의 천국이라 불리는 황금계곡을 보고 탈출을 결심한다.
 차들이 쌩쌩 달리는 도로 위부터 비행기 탑승까지
 물잠자리 ‘마스터’와 곤충 친구들의 도움으로
 드디어 황금계곡과 점점 가까워져 가는데…
 
 그럼, 지금부터 황금계곡으로 무당탕탕탕탕!"
20183801,"선택해 TRUTH OR DARE
 무엇을 선택하든 공포는 시작될 거야"
20173202,"주유소 가게 직원 멜린다는 늘 남성들의 관심을 끌려고 하지만 다들 멜린다의 예쁘지만 까칠한 동료 쉴라에게만 관심을 가진다. 그러던 어느 날 밤, 한 남자가 폭주족한테 갚을 빚이 있다며 가게를 털러 오고 멜린다는 강도한테 금고 안의 돈까지 가져다주며 자기 자신도 데려가 달라고 한다."
20180789,"최고의 파일럿을 꿈꾸던 '한 솔로'는 문제적 멘토 '베킷'의 유혹에 빠져
 든든한 파트너 '츄바카', 한때 연인이었던 '키라'와 함께 팀을 꾸려
 수수께끼의 임무에 도전한다.
 
 소문난 밀수꾼 '랜도'까지 합류,
 미션을 수행하는 도중 상상도 못했던 위험과 마주하게 되는데···"
20173865,"약혼자 우진과 함께 탄 차로 사람을 죽인 지민 그날 밤 이후 죽은 여자가 나타나는 끔찍한 환각을 겪는다. 견디다 못한 그녀는 결국 경찰에 찾아가지만, 자신의 기억 속 교통사고가 실재하지 않음을 알게 된다.  사라지지 않는 의문 속에 그녀의 일상은 점점 공포스러워지고, 방관하는 약혼자 우진, 그리고 사건 이후 자신의 주변을 감시하는 차 형사로 인해 더욱 최악의 상황으로 빠져드는데..."
20176053,"우리처럼 똑같은 일상을 반복하는 웬디. 
 아침에 샤워를 하고 아침 먹고 아르바이트를 하고 동료들과 휴식시간을 갖고
 집에 와서 TV를 보고 저녁 먹고 글을 쓰다가 자는 일상.
 그런 웬디가 일탈을 한다!? 웬디 왜 그러는거야!
 나에겐 목표와 꿈이 있으니까요!
 스타 트렉 시나리오 공모전에 꼭 참가해야 해요
 웬디의 일탈 시작! 
 나아갈 때 비로소 다가오는 것들이 있다!
 웬디가 처음 접하는 모든 것들!
 웬디를 따라 LA여행 모두 함께 해보실래요
 여러분들 웬디의 일탈로 들어오세요~♥ 행복한 소확행을 맛보게 될거예요"
20182046,"안녕. 아빠, 엄마, 동생들. 
 안녕. 집 앞의 돌, 시냇물, 풀잎들.
 안녕, 나의 소녀 시절이여…
  
 명랑하고 순수한 열여섯 살 소녀 ‘왕모’는 가족의 생계를 위해 가난하지만 그 누구보다 행복했던 시절을 소중한 추억으로 묻은 채 고단한 여정에 오른다. 숨소리로 자욱한 길을 한 걸음 한 걸음 내디디며 그렇게 ‘왕모’는 자신 안의 해말간 소녀를 떠나보낸다.
 
 삶이라는 길을 단단히 걸어가고 싶은 열여섯 소녀 '왕모'
 그녀가 건네는 세상에서 가장 반짝이는 위로를 만나다!"
20184513,"궁금한 것도, 신기한 것도 너~무 많은 베이비 베어스의 좌충우돌 도시 이야기!  아이스크림에 눈이 번쩍곰! 위험에 처한 친구에겐 든든곰! 빨리 어른이 되고 싶은 베이비곰!  매력만점 곰 삼형제 ‘그리즐’, ‘판다’, ‘아이스베어’. 우리랑 함께라면 심심할 날이 없을거라곰~"
20189783,"미국 로스엔젤레스, 한 때 팔씨름 세계 챔피언을 꿈꿨지만  지금은 클럽에서 일하는 ‘마크’(마동석)는 자칭 최고의 스포츠 에이전트 ‘진기’(권율)의 설득에 한국으로 돌아온다.  “나한테는 팔씨름 밖에 없었어… 나 믿어!” 멈췄던 팔뚝이 다시 뛰기 시작한 ‘마크’. '진기'에게서 귀국 선물(?)로 받은 오래 전 헤어진 엄마 주소를 찾아가지만   그곳엔 엄마 대신 본 적 없는 여동생 ‘수진’(한예리)과  두 아이 ‘쭌쭌남매’가 떡하니 살고 있는데…  잡는 순간 모두 넘긴다!  챔피언을 향한 어메이징 뒤집기 한 판이 시작된다!"
20183321,"세계 정복을 꿈꾸는 천재 과학자, '닥터 헬'로부터 지구를 구했던 '마징가 Z'. 무한한 잠재력을 지닌 '인피니티'를 통해 과거 이루지 못한 야망을 실현하려는 '닥터 헬'로부터 다시 한 번 인류를 구할 수 있을 것인가!"
20182561,"전직 레슬링 선수였던 ‘마하비르 싱 포갓(아미르 칸)’은 아버지의 반대로 금메달의 꿈을 이루지 못한 채 레슬링을 포기한다.
 아들을 통해 꿈을 이루겠다는 생각은 내리 딸만 넷이 태어나면서 좌절된다.
 그러던 어느 날, 두 딸이 또래 남자아이들을 신나게 때린 모습에서 잠재력을 발견하고 레슬링 특훈에 돌입한다.
 사람들의 따가운 시선과 조롱에도 불구하고 첫째 기타(파티마 사나 셰이크)와 둘째 바비타(산야 말호트라)는
 아버지의 훈련 속에 재능을 발휘, 승승장구 승리를 거두며 국가대표 레슬러로까지 성장해 마침내 국제대회에 출전하는데..."
20176067,"집을 떠나 전 세계를 돌아다니다 아버지가 위독하다는 소식을 듣고
 10년 만에 고향으로 돌아온 ‘속알못’ 장남, ‘장’.
 
 똑 부러지는 성격, 삼 남매 중 실질적인 리더,
 아버지의 와이너리를 도맡아 운영 중인 ‘와인 능력자’ 둘째, ‘줄리엣’.
 
 어렸을 적 부모님의 사랑을 독차지한 꽃길 인생이었지만,
 결혼 후 처가 월드에 시달리고 있는 ‘평생 철부지’ 막내, ‘제레미’.
 
 10년 만에 재회한 삼 남매에게 남겨진 아버지의 유산, 부르고뉴 와이너리
 반갑고도 어색한, 즐겁고도 험난한 최상의 와인 만들기가 시작된다!"
