movieCd,image_url,userRating,link
20195002,https://ssl.pstatic.net/imgmovie/mdi/mit110/1890/189053_P108_105429.jpg,8.55,https://movie.naver.com/movie/bi/mi/basic.nhn?code=189053
20181434,https://ssl.pstatic.net/imgmovie/mdi/mit110/1791/179159_P50_104524.jpg,8.03,https://movie.naver.com/movie/bi/mi/basic.nhn?code=179159
20191029,https://ssl.pstatic.net/imgmovie/mdi/mit110/1794/179482_P26_155441.jpg,6.69,https://movie.naver.com/movie/bi/mi/basic.nhn?code=179482
20192083,https://ssl.pstatic.net/imgmovie/mdi/mit110/1676/167605_P40_140111.jpg,8.62,https://movie.naver.com/movie/bi/mi/basic.nhn?code=167605
20197721,https://ssl.pstatic.net/imgmovie/mdi/mit110/1638/163831_P26_144440.jpg,8.61,https://movie.naver.com/movie/bi/mi/basic.nhn?code=163831
20197279,https://ssl.pstatic.net/imgmovie/mdi/mit110/1843/184357_P12_104437.jpg,7.74,https://movie.naver.com/movie/bi/mi/basic.nhn?code=184357
20198421,https://ssl.pstatic.net/imgmovie/mdi/mit110/0744/74407_P21_112828.jpg,8.10,https://movie.naver.com/movie/bi/mi/basic.nhn?code=74407
20190280,https://ssl.pstatic.net/imgmovie/mdi/mit110/1811/181114_P00_152033.jpg,7.86,https://movie.naver.com/movie/bi/mi/basic.nhn?code=181114
20196284,https://ssl.pstatic.net/imgmovie/mdi/mit110/1823/182387_P37_144748.jpg,9.19,https://movie.naver.com/movie/bi/mi/basic.nhn?code=182387
20199950,https://ssl.pstatic.net/imgmovie/mdi/mit110/1676/167613_P09_182225.jpg,8.65,https://movie.naver.com/movie/bi/mi/basic.nhn?code=167613
20191589,https://ssl.pstatic.net/imgmovie/mdi/mit110/1676/167635_P27_100146.jpg,7.62,https://movie.naver.com/movie/bi/mi/basic.nhn?code=167635
20193801,https://ssl.pstatic.net/imgmovie/mdi/mit110/1859/185912_P01_113117.jpg,8.62,https://movie.naver.com/movie/bi/mi/basic.nhn?code=185912
20195920,https://ssl.pstatic.net/imgmovie/mdi/mit110/1822/182205_P35_110342.jpg,7.84,https://movie.naver.com/movie/bi/mi/basic.nhn?code=182205
20192589,https://ssl.pstatic.net/imgmovie/mdi/mit110/1863/186367_P12_154028.jpg,5.05,https://movie.naver.com/movie/bi/mi/basic.nhn?code=186367
20196136,https://ssl.pstatic.net/imgmovie/mdi/mit110/1292/129282_P25_145511.jpg,8.73,https://movie.naver.com/movie/bi/mi/basic.nhn?code=129282
20198184,https://ssl.pstatic.net/imgmovie/mdi/mit110/1890/189035_P12_141236.jpg,6.83,https://movie.naver.com/movie/bi/mi/basic.nhn?code=189035
20184483,https://ssl.pstatic.net/imgmovie/mdi/mit110/1803/180390_P34_154356.jpg,7.87,https://movie.naver.com/movie/bi/mi/basic.nhn?code=180390
20185361,https://ssl.pstatic.net/imgmovie/mdi/mit110/1754/175404_P12_140807.jpg,5.08,https://movie.naver.com/movie/bi/mi/basic.nhn?code=175404
20197054,https://ssl.pstatic.net/imgmovie/mdi/mit110/1891/189140_P16_134312.jpg,7.65,https://movie.naver.com/movie/bi/mi/basic.nhn?code=189140
20198961,https://ssl.pstatic.net/imgmovie/mdi/mit110/1875/187526_P14_105850.jpg,8.55,https://movie.naver.com/movie/bi/mi/basic.nhn?code=187526
19910247,https://ssl.pstatic.net/imgmovie/mdi/mit110/0620/62049_P01_160915.jpg,4.33,https://movie.naver.com/movie/bi/mi/basic.nhn?code=10200
20191183,https://ssl.pstatic.net/imgmovie/mdi/mit110/1727/172764_P03_111945.jpg,6.69,https://movie.naver.com/movie/bi/mi/basic.nhn?code=172764
20194223,https://ssl.pstatic.net/imgmovie/mdi/mit110/1877/187787_P22_112851.jpg,8.19,https://movie.naver.com/movie/bi/mi/basic.nhn?code=187787
20193601,https://ssl.pstatic.net/imgmovie/mdi/mit110/1598/159806_P02_134100.jpg,8.28,https://movie.naver.com/movie/bi/mi/basic.nhn?code=159806
20183407,https://ssl.pstatic.net/imgmovie/mdi/mit110/1804/180402_P24_114315.jpg,6.28,https://movie.naver.com/movie/bi/mi/basic.nhn?code=180402
20196380,https://ssl.pstatic.net/imgmovie/mdi/mit110/1641/164160_P00_101611.jpg,8.00,https://movie.naver.com/movie/bi/mi/basic.nhn?code=164160
20195941,https://ssl.pstatic.net/imgmovie/mdi/mit110/1875/187508_P22_160934.jpg,4.19,https://movie.naver.com/movie/bi/mi/basic.nhn?code=187508
20197691,https://ssl.pstatic.net/imgmovie/mdi/mit110/1816/181692_P21_144315.jpg,8.34,https://movie.naver.com/movie/bi/mi/basic.nhn?code=181692
20184243,https://ssl.pstatic.net/imgmovie/mdi/mit110/1747/174797_P44_135652.jpg,6.10,https://movie.naver.com/movie/bi/mi/basic.nhn?code=174797
20199446,https://ssl.pstatic.net/imgmovie/mdi/mit110/1728/172836_P09_101700.jpg,7.64,https://movie.naver.com/movie/bi/mi/basic.nhn?code=172836
20194456,https://ssl.pstatic.net/imgmovie/mdi/mit110/1876/187629_P40_171937.jpg,8.30,https://movie.naver.com/movie/bi/mi/basic.nhn?code=187629
20188750,https://ssl.pstatic.net/imgmovie/mdi/mit110/1779/177909_P32_103957.jpg,6.44,https://movie.naver.com/movie/bi/mi/basic.nhn?code=177909
20192982,https://ssl.pstatic.net/imgmovie/mdi/mit110/1598/159887_P21_155654.jpg,7.25,https://movie.naver.com/movie/bi/mi/basic.nhn?code=159887
20184572,https://ssl.pstatic.net/imgmovie/mdi/mit110/0969/96951_P31_160647.jpg,5.35,https://movie.naver.com/movie/bi/mi/basic.nhn?code=96951
20193807,https://ssl.pstatic.net/imgmovie/mdi/mit110/1831/183110_P04_135636.jpg,6.51,https://movie.naver.com/movie/bi/mi/basic.nhn?code=183110
20187322,https://ssl.pstatic.net/imgmovie/mdi/mit110/1753/175316_P33_112305.jpg,7.57,https://movie.naver.com/movie/bi/mi/basic.nhn?code=175316
20195968,https://ssl.pstatic.net/imgmovie/mdi/mit110/1839/183994_P19_111920.jpg,7.70,https://movie.naver.com/movie/bi/mi/basic.nhn?code=183994
20193821,https://ssl.pstatic.net/imgmovie/mdi/mit110/1873/187366_P12_173131.jpg,7.50,https://movie.naver.com/movie/bi/mi/basic.nhn?code=187366
20192804,https://ssl.pstatic.net/imgmovie/mdi/mit110/1675/167560_P15_134853.jpg,6.22,https://movie.naver.com/movie/bi/mi/basic.nhn?code=167560
20184621,https://ssl.pstatic.net/imgmovie/mdi/mit110/1749/174903_P56_101925.jpg,8.30,https://movie.naver.com/movie/bi/mi/basic.nhn?code=174903
20181103,https://ssl.pstatic.net/imgmovie/mdi/mit110/1793/179307_P21_104817.jpg,8.90,https://movie.naver.com/movie/bi/mi/basic.nhn?code=179307
20181416,https://ssl.pstatic.net/imgmovie/mdi/mit110/1791/179158_P35_115826.jpg,6.09,https://movie.naver.com/movie/bi/mi/basic.nhn?code=179158
20194045,https://ssl.pstatic.net/imgmovie/mdi/mit110/1859/185913_P12_101651.jpg,9.01,https://movie.naver.com/movie/bi/mi/basic.nhn?code=185913
20196850,https://ssl.pstatic.net/imgmovie/mdi/mit110/1823/182355_P29_103027.jpg,7.83,https://movie.naver.com/movie/bi/mi/basic.nhn?code=182355
20184543,https://ssl.pstatic.net/imgmovie/mdi/mit110/1803/180351_P52_141008.jpg,6.80,https://movie.naver.com/movie/bi/mi/basic.nhn?code=180351
20193665,https://ssl.pstatic.net/imgmovie/mdi/mit110/1871/187161_P20_165234.jpg,7.01,https://movie.naver.com/movie/bi/mi/basic.nhn?code=187161
20184462,https://ssl.pstatic.net/imgmovie/mdi/mit110/1785/178526_P39_141329.jpg,7.90,https://movie.naver.com/movie/bi/mi/basic.nhn?code=178526
20194541,https://ssl.pstatic.net/imgmovie/mdi/mit110/1817/181700_P34_164530.jpg,9.37,https://movie.naver.com/movie/bi/mi/basic.nhn?code=181700
20185985,https://ssl.pstatic.net/imgmovie/mdi/mit110/1676/167653_P58_145534.jpg,6.36,https://movie.naver.com/movie/bi/mi/basic.nhn?code=167653
20194384,https://ssl.pstatic.net/imgmovie/mdi/mit110/1836/183666_P01_135734.jpg,0.00,https://movie.naver.com/movie/bi/mi/basic.nhn?code=183666
20171021,https://ssl.pstatic.net/imgmovie/mdi/mit110/1406/140656_P15_101312.jpg,7.78,https://movie.naver.com/movie/bi/mi/basic.nhn?code=140656
20198323,https://ssl.pstatic.net/imgmovie/mdi/mit110/1649/164907_P27_114523.jpg,9.23,https://movie.naver.com/movie/bi/mi/basic.nhn?code=164907
20182241,https://ssl.pstatic.net/imgmovie/mdi/mit110/1546/154672_P27_101844.jpg,7.48,https://movie.naver.com/movie/bi/mi/basic.nhn?code=154672
20183844,https://ssl.pstatic.net/imgmovie/mdi/mit110/1803/180374_P29_165443.jpg,8.78,https://movie.naver.com/movie/bi/mi/basic.nhn?code=180374
20191604,https://ssl.pstatic.net/imgmovie/mdi/mit110/1816/181694_P12_100024.jpg,7.22,https://movie.naver.com/movie/bi/mi/basic.nhn?code=181694
20188404,https://ssl.pstatic.net/imgmovie/mdi/mit110/1775/177510_P40_150304.jpg,4.77,https://movie.naver.com/movie/bi/mi/basic.nhn?code=177510
20180442,https://ssl.pstatic.net/imgmovie/mdi/mit110/1785/178544_P17_104316.jpg,6.89,https://movie.naver.com/movie/bi/mi/basic.nhn?code=178544
20187959,https://ssl.pstatic.net/imgmovie/mdi/mit110/1680/168086_P01_105302.jpg,8.40,https://movie.naver.com/movie/bi/mi/basic.nhn?code=168086
20183867,https://ssl.pstatic.net/imgmovie/mdi/mit110/1637/163788_P18_105943.jpg,9.38,https://movie.naver.com/movie/bi/mi/basic.nhn?code=163788
20193275,https://ssl.pstatic.net/imgmovie/mdi/mit110/1870/187051_P06_111618.jpg,9.14,https://movie.naver.com/movie/bi/mi/basic.nhn?code=187051
20175771,https://ssl.pstatic.net/imgmovie/mdi/mit110/1696/169637_P24_102228.jpg,8.26,https://movie.naver.com/movie/bi/mi/basic.nhn?code=169637
20191741,https://ssl.pstatic.net/imgmovie/mdi/mit110/1675/167599_P27_175118.jpg,8.46,https://movie.naver.com/movie/bi/mi/basic.nhn?code=167599
20190741,https://ssl.pstatic.net/imgmovie/mdi/mit110/1851/185131_P16_144239.jpg,8.84,https://movie.naver.com/movie/bi/mi/basic.nhn?code=185131
20182490,https://ssl.pstatic.net/imgmovie/mdi/mit110/1736/173668_P65_112539.jpg,3.36,https://movie.naver.com/movie/bi/mi/basic.nhn?code=173668
20196309,https://ssl.pstatic.net/imgmovie/mdi/mit110/1731/173123_P06_135928.jpg,8.33,https://movie.naver.com/movie/bi/mi/basic.nhn?code=173123
20192725,https://ssl.pstatic.net/imgmovie/mdi/mit110/1820/182001_P11_173153.jpg,4.90,https://movie.naver.com/movie/bi/mi/basic.nhn?code=182001
20190002,https://ssl.pstatic.net/imgmovie/mdi/mit110/1680/168092_P33_140246.jpg,7.98,https://movie.naver.com/movie/bi/mi/basic.nhn?code=168092
20184047,https://ssl.pstatic.net/imgmovie/mdi/mit110/1019/101966_P09_114632.jpg,9.05,https://movie.naver.com/movie/bi/mi/basic.nhn?code=101966
20183782,https://ssl.pstatic.net/imgmovie/mdi/mit110/1619/161967_P80_151640.jpg,8.47,https://movie.naver.com/movie/bi/mi/basic.nhn?code=161967
20185353,https://ssl.pstatic.net/imgmovie/mdi/mit110/1802/180209_P42_134851.jpg,5.62,https://movie.naver.com/movie/bi/mi/basic.nhn?code=180209
20185986,https://ssl.pstatic.net/imgmovie/mdi/mit110/1748/174834_P53_105510.jpg,6.38,https://movie.naver.com/movie/bi/mi/basic.nhn?code=174834
20192222,https://ssl.pstatic.net/imgmovie/mdi/mit110/1799/179973_P08_102347.jpg,5.45,https://movie.naver.com/movie/bi/mi/basic.nhn?code=179973
20191601,https://ssl.pstatic.net/imgmovie/mdi/mit110/1837/183783_P16_105340.jpg,3.90,https://movie.naver.com/movie/bi/mi/basic.nhn?code=183783
20192151,https://ssl.pstatic.net/imgmovie/mdi/mit110/1820/182014_P36_101012.jpg,6.59,https://movie.naver.com/movie/bi/mi/basic.nhn?code=182014
20199951,https://ssl.pstatic.net/imgmovie/mdi/mit110/1838/183850_P16_113434.jpg,6.25,https://movie.naver.com/movie/bi/mi/basic.nhn?code=183850
20196655,https://ssl.pstatic.net/imgmovie/mdi/mit110/1816/181698_P38_102749.jpg,8.04,https://movie.naver.com/movie/bi/mi/basic.nhn?code=181698
20198453,https://ssl.pstatic.net/imgmovie/mdi/mit110/1791/179125_P44_162751.jpg,7.57,https://movie.naver.com/movie/bi/mi/basic.nhn?code=179125
20190273,https://ssl.pstatic.net/imgmovie/mdi/mit110/1838/183836_P33_161902.jpg,8.72,https://movie.naver.com/movie/bi/mi/basic.nhn?code=183836
20182585,https://ssl.pstatic.net/imgmovie/mdi/mit110/1798/179875_P37_142918.jpg,5.21,https://movie.naver.com/movie/bi/mi/basic.nhn?code=179875
20192591,https://ssl.pstatic.net/imgmovie/mdi/mit110/1836/183666_P01_135734.jpg,0.00,https://movie.naver.com/movie/bi/mi/basic.nhn?code=183666
20192022,https://ssl.pstatic.net/imgmovie/mdi/mit110/1676/167633_P18_100754.jpg,6.79,https://movie.naver.com/movie/bi/mi/basic.nhn?code=167633
20196657,https://ssl.pstatic.net/imgmovie/mdi/mit110/0976/97631_P49_094859.jpg,5.12,https://movie.naver.com/movie/bi/mi/basic.nhn?code=97631
20190885,https://ssl.pstatic.net/imgmovie/mdi/mit110/1838/183820_P08_141424.jpg,6.75,https://movie.naver.com/movie/bi/mi/basic.nhn?code=183820
20182387,https://ssl.pstatic.net/imgmovie/mdi/mit110/1641/164125_P65_143635.jpg,5.99,https://movie.naver.com/movie/bi/mi/basic.nhn?code=164125
20190466,https://ssl.pstatic.net/imgmovie/mdi/mit110/1378/137865_P17_113027.jpg,8.90,https://movie.naver.com/movie/bi/mi/basic.nhn?code=137865
19880001,https://ssl.pstatic.net/imgmovie/mdi/mit110/0187/18781_P40_110031.jpg,9.26,https://movie.naver.com/movie/bi/mi/basic.nhn?code=18781
20191401,https://ssl.pstatic.net/imgmovie/mdi/mit110/1670/167053_P13_111013.jpg,8.62,https://movie.naver.com/movie/bi/mi/basic.nhn?code=167053
20198291,https://ssl.pstatic.net/imgmovie/mdi/mit110/1817/181704_P35_105923.jpg,8.06,https://movie.naver.com/movie/bi/mi/basic.nhn?code=181704
20184889,https://ssl.pstatic.net/imgmovie/mdi/mit110/1369/136900_P57_104126.jpg,9.38,https://movie.naver.com/movie/bi/mi/basic.nhn?code=136900
20188941,https://ssl.pstatic.net/imgmovie/mdi/mit110/1779/177967_P50_114447.jpg,7.89,https://movie.naver.com/movie/bi/mi/basic.nhn?code=177967
20184865,https://ssl.pstatic.net/imgmovie/mdi/mit110/1373/137327_P17_171853.jpg,6.94,https://movie.naver.com/movie/bi/mi/basic.nhn?code=137327
20199063,https://ssl.pstatic.net/imgmovie/mdi/mit110/1838/183870_P25_095540.jpg,7.96,https://movie.naver.com/movie/bi/mi/basic.nhn?code=183870
20188144,https://ssl.pstatic.net/imgmovie/mdi/mit110/1773/177371_P20_114332.jpg,5.01,https://movie.naver.com/movie/bi/mi/basic.nhn?code=177371
20184082,https://ssl.pstatic.net/imgmovie/mdi/mit110/1868/186899_P01_111320.jpg,7.00,https://movie.naver.com/movie/bi/mi/basic.nhn?code=186899
20199448,https://ssl.pstatic.net/imgmovie/mdi/mit110/1801/180169_P64_101528.jpg,9.02,https://movie.naver.com/movie/bi/mi/basic.nhn?code=180169
20198597,https://ssl.pstatic.net/imgmovie/mdi/mit110/1831/183132_P05_134901.jpg,9.27,https://movie.naver.com/movie/bi/mi/basic.nhn?code=183132
20199822,https://ssl.pstatic.net/imgmovie/mdi/mit110/1817/181701_P09_111143.jpg,4.90,https://movie.naver.com/movie/bi/mi/basic.nhn?code=181701
20187981,https://ssl.pstatic.net/imgmovie/mdi/mit110/1817/181701_P09_111143.jpg,0.00,https://movie.naver.com/movie/bi/mi/basic.nhn?code=190001
20198598,https://ssl.pstatic.net/imgmovie/mdi/mit110/1676/167657_P03_163928.jpg,8.09,https://movie.naver.com/movie/bi/mi/basic.nhn?code=167657
20185784,https://ssl.pstatic.net/imgmovie/mdi/mit110/1753/175366_P31_101140.jpg,8.91,https://movie.naver.com/movie/bi/mi/basic.nhn?code=175366
20198183,https://ssl.pstatic.net/imgmovie/mdi/mit110/1831/183136_P10_134628.jpg,9.28,https://movie.naver.com/movie/bi/mi/basic.nhn?code=183136
20185384,https://ssl.pstatic.net/imgmovie/mdi/mit110/1650/165022_P15_153454.jpg,9.09,https://movie.naver.com/movie/bi/mi/basic.nhn?code=165022
20197503,https://ssl.pstatic.net/imgmovie/mdi/mit110/1515/151550_P22_095949.jpg,6.86,https://movie.naver.com/movie/bi/mi/basic.nhn?code=151550
20197147,https://ssl.pstatic.net/imgmovie/mdi/mit110/1820/182012_P08_135215.jpg,9.09,https://movie.naver.com/movie/bi/mi/basic.nhn?code=182012
20169323,https://ssl.pstatic.net/imgmovie/mdi/mit110/1488/148863_P10_094956.jpg,8.34,https://movie.naver.com/movie/bi/mi/basic.nhn?code=148863
20183096,https://ssl.pstatic.net/imgmovie/mdi/mit110/1885/188525_P01_152424.jpg,0.00,https://movie.naver.com/movie/bi/mi/basic.nhn?code=188525
20181877,https://ssl.pstatic.net/imgmovie/mdi/mit110/1326/132623_P22_133853.jpg,6.75,https://movie.naver.com/movie/bi/mi/basic.nhn?code=132623
20060347,https://ssl.pstatic.net/imgmovie/mdi/mit110/0493/49336_P59_105053.jpg,7.91,https://movie.naver.com/movie/bi/mi/basic.nhn?code=49336
20199736,https://ssl.pstatic.net/imgmovie/mdi/mit110/1842/184253_P10_155905.jpg,8.74,https://movie.naver.com/movie/bi/mi/basic.nhn?code=184253
20183454,https://ssl.pstatic.net/imgmovie/mdi/mit110/1803/180399_P00_154546.jpg,6.83,https://movie.naver.com/movie/bi/mi/basic.nhn?code=180399
20180825,https://ssl.pstatic.net/imgmovie/mdi/mit110/1717/171785_P84_181225.jpg,8.31,https://movie.naver.com/movie/bi/mi/basic.nhn?code=171785
20198982,https://ssl.pstatic.net/imgmovie/mdi/mit110/1598/159845_P12_102707.jpg,8.80,https://movie.naver.com/movie/bi/mi/basic.nhn?code=159845
19990220,https://ssl.pstatic.net/imgmovie/mdi/mit110/0248/24830_P18_133358.jpg,9.07,https://movie.naver.com/movie/bi/mi/basic.nhn?code=24830
20176103,https://ssl.pstatic.net/imgmovie/mdi/mit110/1852/185267_P03_110346.jpg,4.88,https://movie.naver.com/movie/bi/mi/basic.nhn?code=185267
20198104,https://ssl.pstatic.net/imgmovie/mdi/mit110/1904/190433_P01_173504.jpg,0.00,https://movie.naver.com/movie/bi/mi/basic.nhn?code=168045
20185406,https://ssl.pstatic.net/imgmovie/mdi/mit110/1642/164200_P05_105455.jpg,6.83,https://movie.naver.com/movie/bi/mi/basic.nhn?code=164200
20182501,https://ssl.pstatic.net/imgmovie/mdi/mit110/1736/173667_P27_101947.jpg,5.17,https://movie.naver.com/movie/bi/mi/basic.nhn?code=173667
20198844,https://ssl.pstatic.net/imgmovie/mdi/mit110/1830/183063_P01_142452.jpg,0.00,https://movie.naver.com/movie/bi/mi/basic.nhn?code=168096
20196244,https://ssl.pstatic.net/imgmovie/mdi/mit110/1406/140649_P11_111034.jpg,5.83,https://movie.naver.com/movie/bi/mi/basic.nhn?code=140649
20185352,https://ssl.pstatic.net/imgmovie/mdi/mit110/1814/181414_P24_174349.jpg,6.79,https://movie.naver.com/movie/bi/mi/basic.nhn?code=181414
20197423,https://ssl.pstatic.net/imgmovie/mdi/mit110/1814/181419_P28_165542.jpg,4.89,https://movie.naver.com/movie/bi/mi/basic.nhn?code=181419
20183773,https://ssl.pstatic.net/imgmovie/mdi/mit110/1803/180381_P17_103533.jpg,8.21,https://movie.naver.com/movie/bi/mi/basic.nhn?code=180381
20198403,https://ssl.pstatic.net/imgmovie/mdi/mit110/1819/181912_P10_135327.jpg,8.99,https://movie.naver.com/movie/bi/mi/basic.nhn?code=181912
20196025,https://ssl.pstatic.net/imgmovie/mdi/mit110/1637/163787_P33_174808.jpg,8.92,https://movie.naver.com/movie/bi/mi/basic.nhn?code=163787
20197092,https://ssl.pstatic.net/imgmovie/mdi/mit110/1823/182348_P02_174720.jpg,9.31,https://movie.naver.com/movie/bi/mi/basic.nhn?code=182348
20198146,https://ssl.pstatic.net/imgmovie/mdi/mit110/1715/171533_P29_143351.jpg,8.67,https://movie.naver.com/movie/bi/mi/basic.nhn?code=171533
20197846,https://ssl.pstatic.net/imgmovie/mdi/mit110/1535/153580_P24_103637.jpg,5.78,https://movie.naver.com/movie/bi/mi/basic.nhn?code=153580
20175407,https://ssl.pstatic.net/imgmovie/mdi/mit110/1619/161984_P61_144815.jpg,3.93,https://movie.naver.com/movie/bi/mi/basic.nhn?code=161984
20166301,https://ssl.pstatic.net/imgmovie/mdi/mit110/1526/152624_P34_161443.jpg,5.90,https://movie.naver.com/movie/bi/mi/basic.nhn?code=152624
20197483,https://ssl.pstatic.net/imgmovie/mdi/mit110/1824/182407_P00_105405.jpg,8.34,https://movie.naver.com/movie/bi/mi/basic.nhn?code=182407
20197283,https://ssl.pstatic.net/imgmovie/mdi/mit110/1804/180425_P19_175210.jpg,7.62,https://movie.naver.com/movie/bi/mi/basic.nhn?code=180425
20197356,https://ssl.pstatic.net/imgmovie/mdi/mit110/1799/179974_P01_153621.jpg,8.81,https://movie.naver.com/movie/bi/mi/basic.nhn?code=179974
20198603,https://ssl.pstatic.net/imgmovie/mdi/mit110/1692/169263_P01_094955.jpg,7.96,https://movie.naver.com/movie/bi/mi/basic.nhn?code=169263
20197617,https://ssl.pstatic.net/imgmovie/mdi/mit110/1490/149022_P12_110503.jpg,6.99,https://movie.naver.com/movie/bi/mi/basic.nhn?code=149022
20184574,https://ssl.pstatic.net/imgmovie/mdi/mit110/1715/171539_P26_135622.jpg,9.61,https://movie.naver.com/movie/bi/mi/basic.nhn?code=171539
20196601,https://ssl.pstatic.net/imgmovie/mdi/mit110/1823/182360_P11_140223.jpg,8.62,https://movie.naver.com/movie/bi/mi/basic.nhn?code=182360
20182530,https://ssl.pstatic.net/imgmovie/mdi/mit110/1676/167651_P106_141030.jpg,8.52,https://movie.naver.com/movie/bi/mi/basic.nhn?code=167651
20185881,https://ssl.pstatic.net/imgmovie/mdi/mit110/1773/177374_P100_112832.jpg,9.08,https://movie.naver.com/movie/bi/mi/basic.nhn?code=177374
20177539,https://ssl.pstatic.net/imgmovie/mdi/mit110/1670/167099_P13_101134.jpg,7.23,https://movie.naver.com/movie/bi/mi/basic.nhn?code=167099
20196723,https://ssl.pstatic.net/imgmovie/mdi/mit110/1822/182206_P12_121114.jpg,8.66,https://movie.naver.com/movie/bi/mi/basic.nhn?code=182206
20180937,https://ssl.pstatic.net/imgmovie/mdi/mit110/1489/148909_P29_164758.jpg,8.76,https://movie.naver.com/movie/bi/mi/basic.nhn?code=148909
20177282,https://ssl.pstatic.net/imgmovie/mdi/mit110/1709/170953_P08_140411.jpg,8.07,https://movie.naver.com/movie/bi/mi/basic.nhn?code=170953
20176442,https://ssl.pstatic.net/imgmovie/mdi/mit110/1590/159070_P13_114738.jpg,3.84,https://movie.naver.com/movie/bi/mi/basic.nhn?code=159070
20195743,https://ssl.pstatic.net/imgmovie/mdi/mit110/1819/181959_P11_114544.jpg,6.33,https://movie.naver.com/movie/bi/mi/basic.nhn?code=181959
20195791,https://ssl.pstatic.net/imgmovie/mdi/mit110/1676/167629_P17_105046.jpg,4.46,https://movie.naver.com/movie/bi/mi/basic.nhn?code=167629
20186261,https://ssl.pstatic.net/imgmovie/mdi/mit110/1091/109193_P21_103935.jpg,9.24,https://movie.naver.com/movie/bi/mi/basic.nhn?code=109193
20188282,https://ssl.pstatic.net/imgmovie/mdi/mit110/0667/66728_P38_102726.jpg,8.69,https://movie.naver.com/movie/bi/mi/basic.nhn?code=66728
20195915,https://ssl.pstatic.net/imgmovie/mdi/mit110/1814/181411_P02_101349.jpg,7.36,https://movie.naver.com/movie/bi/mi/basic.nhn?code=181411
20020222,https://ssl.pstatic.net/imgmovie/mdi/mit110/0339/C3930-06.jpg,8.86,https://movie.naver.com/movie/bi/mi/basic.nhn?code=33930
20185576,https://ssl.pstatic.net/imgmovie/mdi/mit110/1814/181409_P30_100656.jpg,6.65,https://movie.naver.com/movie/bi/mi/basic.nhn?code=181409
20184888,https://ssl.pstatic.net/imgmovie/mdi/mit110/1511/151151_P24_105029.jpg,8.15,https://movie.naver.com/movie/bi/mi/basic.nhn?code=151151
20174169,https://ssl.pstatic.net/imgmovie/mdi/mit110/1690/169078_P66_101231.jpg,6.04,https://movie.naver.com/movie/bi/mi/basic.nhn?code=169078
20180868,https://ssl.pstatic.net/imgmovie/mdi/mit110/1641/164173_P45_171744.jpg,6.01,https://movie.naver.com/movie/bi/mi/basic.nhn?code=164173
20162003,https://ssl.pstatic.net/imgmovie/mdi/mit110/0482/48233_P05_140218.jpg,8.27,https://movie.naver.com/movie/bi/mi/basic.nhn?code=48233
20185478,https://ssl.pstatic.net/imgmovie/mdi/mit110/1815/181554_P23_112202.jpg,8.74,https://movie.naver.com/movie/bi/mi/basic.nhn?code=181554
20185444,https://ssl.pstatic.net/imgmovie/mdi/mit110/1254/125438_P06_114959.jpg,8.73,https://movie.naver.com/movie/bi/mi/basic.nhn?code=125438
20184105,https://ssl.pstatic.net/imgmovie/mdi/mit110/1676/167699_P40_175859.jpg,9.09,https://movie.naver.com/movie/bi/mi/basic.nhn?code=167699
20185124,https://ssl.pstatic.net/imgmovie/mdi/mit110/1802/180220_P01_102406.jpg,9.30,https://movie.naver.com/movie/bi/mi/basic.nhn?code=180220
20184896,https://ssl.pstatic.net/imgmovie/mdi/mit110/1748/174830_P17_104205.jpg,9.60,https://movie.naver.com/movie/bi/mi/basic.nhn?code=174830
20176251,https://ssl.pstatic.net/imgmovie/mdi/mit110/1641/164172_P08_114039.jpg,8.18,https://movie.naver.com/movie/bi/mi/basic.nhn?code=164172
20189463,https://ssl.pstatic.net/imgmovie/mdi/mit110/1526/152632_P19_104759.jpg,8.66,https://movie.naver.com/movie/bi/mi/basic.nhn?code=152632
20182544,https://ssl.pstatic.net/imgmovie/mdi/mit110/1898/189868_P01_174310.jpg,0.00,https://movie.naver.com/movie/bi/mi/basic.nhn?code=189868
20186324,https://ssl.pstatic.net/imgmovie/mdi/mit110/1443/144318_P19_100103.jpg,9.31,https://movie.naver.com/movie/bi/mi/basic.nhn?code=144318
20185485,https://ssl.pstatic.net/imgmovie/mdi/mit110/1564/156464_P49_182103.jpg,9.42,https://movie.naver.com/movie/bi/mi/basic.nhn?code=156464
20189385,https://ssl.pstatic.net/imgmovie/mdi/mit110/1680/168056_P10_100606.jpg,7.24,https://movie.naver.com/movie/bi/mi/basic.nhn?code=168056
20180290,https://ssl.pstatic.net/imgmovie/mdi/mit110/1680/168056_P10_100606.jpg,10.00,https://movie.naver.com/movie/bi/mi/basic.nhn?code=151153
20183915,https://ssl.pstatic.net/imgmovie/mdi/mit110/1803/180372_P16_101254.jpg,9.14,https://movie.naver.com/movie/bi/mi/basic.nhn?code=180372
20182588,https://ssl.pstatic.net/imgmovie/mdi/mit110/1721/172137_P12_134909.jpg,6.02,https://movie.naver.com/movie/bi/mi/basic.nhn?code=172137
20186281,https://ssl.pstatic.net/imgmovie/mdi/mit110/1641/164139_P12_153521.jpg,8.08,https://movie.naver.com/movie/bi/mi/basic.nhn?code=164139
20170658,https://ssl.pstatic.net/imgmovie/mdi/mit110/1660/166092_P35_104446.jpg,5.20,https://movie.naver.com/movie/bi/mi/basic.nhn?code=166092
20175547,https://ssl.pstatic.net/imgmovie/mdi/mit110/1641/164101_P62_155759.jpg,8.37,https://movie.naver.com/movie/bi/mi/basic.nhn?code=164101
20183785,https://ssl.pstatic.net/imgmovie/mdi/mit110/1803/180379_P32_111508.jpg,9.13,https://movie.naver.com/movie/bi/mi/basic.nhn?code=180379
20184187,https://ssl.pstatic.net/imgmovie/mdi/mit110/1874/187444_P01_113615.jpg,8.33,https://movie.naver.com/movie/bi/mi/basic.nhn?code=187444
20182421,https://ssl.pstatic.net/imgmovie/mdi/mit110/1506/150688_P30_101919.jpg,8.34,https://movie.naver.com/movie/bi/mi/basic.nhn?code=150688
20168773,https://ssl.pstatic.net/imgmovie/mdi/mit110/1572/157297_P23_134212.jpg,6.33,https://movie.naver.com/movie/bi/mi/basic.nhn?code=157297
20183479,https://ssl.pstatic.net/imgmovie/mdi/mit110/1729/172975_P10_141815.jpg,8.20,https://movie.naver.com/movie/bi/mi/basic.nhn?code=172975
20183238,https://ssl.pstatic.net/imgmovie/mdi/mit110/1717/171725_P18_175530.jpg,9.21,https://movie.naver.com/movie/bi/mi/basic.nhn?code=171725
20177552,https://ssl.pstatic.net/imgmovie/mdi/mit110/1641/164192_P45_134107.jpg,8.14,https://movie.naver.com/movie/bi/mi/basic.nhn?code=164192
20179230,https://ssl.pstatic.net/imgmovie/mdi/mit110/1717/171755_P39_140011.jpg,5.93,https://movie.naver.com/movie/bi/mi/basic.nhn?code=171755
20183375,https://ssl.pstatic.net/imgmovie/mdi/mit110/1721/172187_P19_110125.jpg,8.96,https://movie.naver.com/movie/bi/mi/basic.nhn?code=172187
20189843,https://ssl.pstatic.net/imgmovie/mdi/mit110/1586/158622_P18_142307.jpg,7.13,https://movie.naver.com/movie/bi/mi/basic.nhn?code=158622
20182082,https://ssl.pstatic.net/imgmovie/mdi/mit110/1714/171452_P19_174244.jpg,7.79,https://movie.naver.com/movie/bi/mi/basic.nhn?code=171452
20178825,https://ssl.pstatic.net/imgmovie/mdi/mit110/1564/156496_P24_153246.jpg,6.12,https://movie.naver.com/movie/bi/mi/basic.nhn?code=156496
20183745,https://ssl.pstatic.net/imgmovie/mdi/mit110/1803/180384_P14_152246.jpg,7.72,https://movie.naver.com/movie/bi/mi/basic.nhn?code=180384
20177538,https://ssl.pstatic.net/imgmovie/mdi/mit110/1887/188710_P01_135128.jpg,0.00,https://movie.naver.com/movie/bi/mi/basic.nhn?code=188710
20184481,https://ssl.pstatic.net/imgmovie/mdi/mit110/1748/174835_P26_105639.jpg,7.48,https://movie.naver.com/movie/bi/mi/basic.nhn?code=174835
20181905,https://ssl.pstatic.net/imgmovie/mdi/mit110/1898/189861_P01_163154.jpg,0.00,https://movie.naver.com/movie/bi/mi/basic.nhn?code=189861
20176814,https://ssl.pstatic.net/imgmovie/mdi/mit110/1542/154255_P24_095824.jpg,6.16,https://movie.naver.com/movie/bi/mi/basic.nhn?code=154255
20183073,https://ssl.pstatic.net/imgmovie/mdi/mit110/1449/144906_P15_103017.jpg,9.54,https://movie.naver.com/movie/bi/mi/basic.nhn?code=144906
20181171,https://ssl.pstatic.net/imgmovie/mdi/mit110/1736/173692_P12_102159.jpg,9.17,https://movie.naver.com/movie/bi/mi/basic.nhn?code=173692
20183007,https://ssl.pstatic.net/imgmovie/mdi/mit110/1618/161868_P24_151256.jpg,7.84,https://movie.naver.com/movie/bi/mi/basic.nhn?code=161868
20182966,https://ssl.pstatic.net/imgmovie/mdi/mit110/1791/179138_P01_151818.jpg,4.51,https://movie.naver.com/movie/bi/mi/basic.nhn?code=179138
20183050,https://ssl.pstatic.net/imgmovie/mdi/mit110/1763/176354_P13_150227.jpg,9.31,https://movie.naver.com/movie/bi/mi/basic.nhn?code=176354
20182935,https://ssl.pstatic.net/imgmovie/mdi/mit110/1864/186453_P03_141045.jpg,0.00,https://movie.naver.com/movie/bi/mi/basic.nhn?code=186453
20182669,https://ssl.pstatic.net/imgmovie/mdi/mit110/1546/154653_P12_102646.jpg,8.89,https://movie.naver.com/movie/bi/mi/basic.nhn?code=154653
20186822,https://ssl.pstatic.net/imgmovie/mdi/mit110/1753/175318_P15_105507.jpg,8.19,https://movie.naver.com/movie/bi/mi/basic.nhn?code=175318
20170513,https://ssl.pstatic.net/imgmovie/mdi/mit110/1666/166610_P58_154049.jpg,5.28,https://movie.naver.com/movie/bi/mi/basic.nhn?code=166610
20189869,https://ssl.pstatic.net/imgmovie/mdi/mit110/1641/164147_P46_165808.jpg,7.46,https://movie.naver.com/movie/bi/mi/basic.nhn?code=164147
20174981,https://ssl.pstatic.net/imgmovie/mdi/mit110/1604/160487_P48_113750.jpg,5.05,https://movie.naver.com/movie/bi/mi/basic.nhn?code=160487
20010291,https://ssl.pstatic.net/imgmovie/mdi/mit110/0306/30688_P28_142632.jpg,9.23,https://movie.naver.com/movie/bi/mi/basic.nhn?code=30688
20179006,https://ssl.pstatic.net/imgmovie/mdi/mit110/1717/171750_P05_173050.jpg,4.18,https://movie.naver.com/movie/bi/mi/basic.nhn?code=171750
20181404,https://ssl.pstatic.net/imgmovie/mdi/mit110/1641/164155_P03_122329.jpg,6.00,https://movie.naver.com/movie/bi/mi/basic.nhn?code=164155
20180523,https://ssl.pstatic.net/imgmovie/mdi/mit110/1680/168050_P19_100458.jpg,9.16,https://movie.naver.com/movie/bi/mi/basic.nhn?code=168050
20182693,https://ssl.pstatic.net/imgmovie/mdi/mit110/1728/172819_P01_163303.jpg,7.33,https://movie.naver.com/movie/bi/mi/basic.nhn?code=172819
20180987,https://ssl.pstatic.net/imgmovie/mdi/mit110/1708/170879_P03_161546.jpg,6.30,https://movie.naver.com/movie/bi/mi/basic.nhn?code=170879
20179189,https://ssl.pstatic.net/imgmovie/mdi/mit110/1671/167105_P28_103614.jpg,8.32,https://movie.naver.com/movie/bi/mi/basic.nhn?code=167105
20189067,https://ssl.pstatic.net/imgmovie/mdi/mit110/1553/155356_P29_104216.jpg,9.10,https://movie.naver.com/movie/bi/mi/basic.nhn?code=155356
20182403,https://ssl.pstatic.net/imgmovie/mdi/mit110/1680/168047_P06_140254.jpg,7.03,https://movie.naver.com/movie/bi/mi/basic.nhn?code=168047
20186321,https://ssl.pstatic.net/imgmovie/mdi/mit110/1680/168058_P18_101211.jpg,6.96,https://movie.naver.com/movie/bi/mi/basic.nhn?code=168058
20177221,https://ssl.pstatic.net/imgmovie/mdi/mit110/1680/168058_P18_101211.jpg,10.00,https://movie.naver.com/movie/bi/mi/basic.nhn?code=119428
20189123,https://ssl.pstatic.net/imgmovie/mdi/mit110/1680/168023_P15_161116.jpg,8.95,https://movie.naver.com/movie/bi/mi/basic.nhn?code=168023
20176122,https://ssl.pstatic.net/imgmovie/mdi/mit110/1635/163533_P99_105455.jpg,7.99,https://movie.naver.com/movie/bi/mi/basic.nhn?code=163533
20184678,https://ssl.pstatic.net/imgmovie/mdi/mit110/1748/174807_P19_111000.jpg,5.31,https://movie.naver.com/movie/bi/mi/basic.nhn?code=174807
20187521,https://ssl.pstatic.net/imgmovie/mdi/mit110/1773/177381_P01_144141.jpg,6.61,https://movie.naver.com/movie/bi/mi/basic.nhn?code=177381
20180628,https://ssl.pstatic.net/imgmovie/mdi/mit110/1674/167481_P05_145414.jpg,6.98,https://movie.naver.com/movie/bi/mi/basic.nhn?code=167481
20180770,https://ssl.pstatic.net/imgmovie/mdi/mit110/1784/178402_P16_115047.jpg,5.15,https://movie.naver.com/movie/bi/mi/basic.nhn?code=178402
20189462,https://ssl.pstatic.net/imgmovie/mdi/mit110/1586/158620_P19_101107.jpg,8.51,https://movie.naver.com/movie/bi/mi/basic.nhn?code=158620
20177308,https://ssl.pstatic.net/imgmovie/mdi/mit110/1641/164106_P16_135532.jpg,7.32,https://movie.naver.com/movie/bi/mi/basic.nhn?code=164106
20188661,https://ssl.pstatic.net/imgmovie/mdi/mit110/1708/170824_P15_182407.jpg,7.56,https://movie.naver.com/movie/bi/mi/basic.nhn?code=170824
20172204,https://ssl.pstatic.net/imgmovie/mdi/mit110/1629/162981_P72_153440.jpg,7.05,https://movie.naver.com/movie/bi/mi/basic.nhn?code=162981
20167903,https://ssl.pstatic.net/imgmovie/mdi/mit110/1521/152156_P76_134247.jpg,6.62,https://movie.naver.com/movie/bi/mi/basic.nhn?code=152156
20189262,https://ssl.pstatic.net/imgmovie/mdi/mit110/1680/168049_P02_145901.jpg,6.67,https://movie.naver.com/movie/bi/mi/basic.nhn?code=168049
20188304,https://ssl.pstatic.net/imgmovie/mdi/mit110/1704/170496_P19_142149.jpg,8.84,https://movie.naver.com/movie/bi/mi/basic.nhn?code=170496
20180167,https://ssl.pstatic.net/imgmovie/mdi/mit110/1784/178426_P18_102633.jpg,5.33,https://movie.naver.com/movie/bi/mi/basic.nhn?code=178426
20189746,https://ssl.pstatic.net/imgmovie/mdi/mit110/1784/178445_P01_100308.jpg,8.98,https://movie.naver.com/movie/bi/mi/basic.nhn?code=178445
20156554,https://ssl.pstatic.net/imgmovie/mdi/mit110/1329/132996_P35_100121.jpg,4.80,https://movie.naver.com/movie/bi/mi/basic.nhn?code=132996
20153446,https://ssl.pstatic.net/imgmovie/mdi/mit110/1406/140652_P38_143110.jpg,8.40,https://movie.naver.com/movie/bi/mi/basic.nhn?code=140652
20188581,https://ssl.pstatic.net/imgmovie/mdi/mit110/1273/127335_P10_172314.jpg,5.79,https://movie.naver.com/movie/bi/mi/basic.nhn?code=127335
20189362,https://ssl.pstatic.net/imgmovie/mdi/mit110/1746/174626_P11_140653.jpg,9.03,https://movie.naver.com/movie/bi/mi/basic.nhn?code=174626
20177537,https://ssl.pstatic.net/imgmovie/mdi/mit110/1720/172010_P10_141651.jpg,4.24,https://movie.naver.com/movie/bi/mi/basic.nhn?code=172010
20181942,https://ssl.pstatic.net/imgmovie/mdi/mit110/1641/164115_P50_104521.jpg,8.96,https://movie.naver.com/movie/bi/mi/basic.nhn?code=164115
20186202,https://ssl.pstatic.net/imgmovie/mdi/mit110/1676/167697_P01_113354.jpg,7.71,https://movie.naver.com/movie/bi/mi/basic.nhn?code=167697
20179101,https://ssl.pstatic.net/imgmovie/mdi/mit110/1536/153687_P54_102718.jpg,6.84,https://movie.naver.com/movie/bi/mi/basic.nhn?code=153687
20170670,https://ssl.pstatic.net/imgmovie/mdi/mit110/1483/148304_P01_104814.jpg,10.00,https://movie.naver.com/movie/bi/mi/basic.nhn?code=148304
20189261,https://ssl.pstatic.net/imgmovie/mdi/mit110/1727/172768_P23_140008.jpg,8.73,https://movie.naver.com/movie/bi/mi/basic.nhn?code=172768
20187647,https://ssl.pstatic.net/imgmovie/mdi/mit110/1676/167602_P09_101816.jpg,7.94,https://movie.naver.com/movie/bi/mi/basic.nhn?code=167602
20181181,https://ssl.pstatic.net/imgmovie/mdi/mit110/1542/154222_P07_114856.jpg,9.12,https://movie.naver.com/movie/bi/mi/basic.nhn?code=154222
20139221,https://ssl.pstatic.net/imgmovie/mdi/mit110/1809/180901_P01_161910.jpg,0.00,https://movie.naver.com/movie/bi/mi/basic.nhn?code=180901
20184802,https://ssl.pstatic.net/imgmovie/mdi/mit110/1696/169643_P26_103310.jpg,8.59,https://movie.naver.com/movie/bi/mi/basic.nhn?code=169643
20183584,https://ssl.pstatic.net/imgmovie/mdi/mit110/1526/152661_P02_173353.jpg,5.85,https://movie.naver.com/movie/bi/mi/basic.nhn?code=152661
20187657,https://ssl.pstatic.net/imgmovie/mdi/mit110/1714/171499_P38_160259.jpg,7.41,https://movie.naver.com/movie/bi/mi/basic.nhn?code=171499
20187641,https://ssl.pstatic.net/imgmovie/mdi/mit110/1721/172118_P13_110330.jpg,8.78,https://movie.naver.com/movie/bi/mi/basic.nhn?code=172118
20187427,https://ssl.pstatic.net/imgmovie/mdi/mit110/1730/173019_P30_150613.jpg,9.05,https://movie.naver.com/movie/bi/mi/basic.nhn?code=173019
20186501,https://ssl.pstatic.net/imgmovie/mdi/mit110/1757/175727_P08_154401.jpg,9.23,https://movie.naver.com/movie/bi/mi/basic.nhn?code=175727
20183361,https://ssl.pstatic.net/imgmovie/mdi/mit110/1369/136990_P27_140604.jpg,9.23,https://movie.naver.com/movie/bi/mi/basic.nhn?code=136990
20185242,https://ssl.pstatic.net/imgmovie/mdi/mit110/1748/174805_P12_100714.jpg,8.72,https://movie.naver.com/movie/bi/mi/basic.nhn?code=174805
20186121,https://ssl.pstatic.net/imgmovie/mdi/mit110/1721/172174_P20_110537.jpg,9.20,https://movie.naver.com/movie/bi/mi/basic.nhn?code=172174
20170942,https://ssl.pstatic.net/imgmovie/mdi/mit110/1099/109906_P00_103901.jpg,3.85,https://movie.naver.com/movie/bi/mi/basic.nhn?code=109906
20180522,https://ssl.pstatic.net/imgmovie/mdi/mit110/1443/144330_P05_110325.jpg,8.62,https://movie.naver.com/movie/bi/mi/basic.nhn?code=144330
20185341,https://ssl.pstatic.net/imgmovie/mdi/mit110/1866/186657_P01_113547.jpg,3.77,https://movie.naver.com/movie/bi/mi/basic.nhn?code=186657
20181443,https://ssl.pstatic.net/imgmovie/mdi/mit110/1603/160375_P06_173757.jpg,7.61,https://movie.naver.com/movie/bi/mi/basic.nhn?code=160375
20188042,https://ssl.pstatic.net/imgmovie/mdi/mit110/1581/158178_P57_114234.jpg,7.53,https://movie.naver.com/movie/bi/mi/basic.nhn?code=158178
20186001,https://ssl.pstatic.net/imgmovie/mdi/mit110/1723/172344_P10_103439.jpg,8.35,https://movie.naver.com/movie/bi/mi/basic.nhn?code=172344
20185621,https://ssl.pstatic.net/imgmovie/mdi/mit110/1680/168030_P17_104131.jpg,6.49,https://movie.naver.com/movie/bi/mi/basic.nhn?code=168030
20180282,https://ssl.pstatic.net/imgmovie/mdi/mit110/1720/172003_P28_111928.jpg,5.07,https://movie.naver.com/movie/bi/mi/basic.nhn?code=172003
20184845,https://ssl.pstatic.net/imgmovie/mdi/mit110/1434/143416_P10_111257.jpg,8.80,https://movie.naver.com/movie/bi/mi/basic.nhn?code=143416
20174369,https://ssl.pstatic.net/imgmovie/mdi/mit110/1641/164151_P53_104626.jpg,7.65,https://movie.naver.com/movie/bi/mi/basic.nhn?code=164151
20178161,https://ssl.pstatic.net/imgmovie/mdi/mit110/1598/159892_P42_111355.jpg,8.40,https://movie.naver.com/movie/bi/mi/basic.nhn?code=159892
20172469,https://ssl.pstatic.net/imgmovie/mdi/mit110/1677/167787_P31_113629.jpg,9.29,https://movie.naver.com/movie/bi/mi/basic.nhn?code=167787
20185001,https://ssl.pstatic.net/imgmovie/mdi/mit110/1753/175365_P12_104946.jpg,6.98,https://movie.naver.com/movie/bi/mi/basic.nhn?code=175365
20182564,https://ssl.pstatic.net/imgmovie/mdi/mit110/1708/170859_P13_113709.jpg,8.42,https://movie.naver.com/movie/bi/mi/basic.nhn?code=170859
20179086,https://ssl.pstatic.net/imgmovie/mdi/mit110/1542/154285_P41_135031.jpg,8.01,https://movie.naver.com/movie/bi/mi/basic.nhn?code=154285
20184721,https://ssl.pstatic.net/imgmovie/mdi/mit110/1526/152680_P03_101446.jpg,8.42,https://movie.naver.com/movie/bi/mi/basic.nhn?code=152680
20184903,https://ssl.pstatic.net/imgmovie/mdi/mit110/1536/153675_P08_114501.jpg,7.63,https://movie.naver.com/movie/bi/mi/basic.nhn?code=153675
20179383,https://ssl.pstatic.net/imgmovie/mdi/mit110/1581/158178_P57_114234.jpg,7.53,https://movie.naver.com/movie/bi/mi/basic.nhn?code=158178
20184101,https://ssl.pstatic.net/imgmovie/mdi/mit110/1684/168405_P17_135233.jpg,6.32,https://movie.naver.com/movie/bi/mi/basic.nhn?code=168405
20185081,https://ssl.pstatic.net/imgmovie/mdi/mit110/1680/168017_P30_153814.jpg,8.59,https://movie.naver.com/movie/bi/mi/basic.nhn?code=168017
20184689,https://ssl.pstatic.net/imgmovie/mdi/mit110/1692/169240_P15_113521.jpg,9.49,https://movie.naver.com/movie/bi/mi/basic.nhn?code=169240
20090834,https://movie.naver.com/movie/bi/mi/photoViewPopup.nhn?movieCode=62266,9.60,https://movie.naver.com/movie/bi/mi/basic.nhn?code=62266
20184801,https://ssl.pstatic.net/imgmovie/mdi/mit110/1724/172420_P11_102917.jpg,7.17,https://movie.naver.com/movie/bi/mi/basic.nhn?code=172420
20135305,https://ssl.pstatic.net/imgmovie/mdi/mit110/0682/68291_P22_141316.jpg,8.03,https://movie.naver.com/movie/bi/mi/basic.nhn?code=68291
20176848,https://ssl.pstatic.net/imgmovie/mdi/mit110/1492/149236_P30_154337.jpg,8.69,https://movie.naver.com/movie/bi/mi/basic.nhn?code=149236
20184512,https://ssl.pstatic.net/imgmovie/mdi/mit110/1748/174878_P11_143134.jpg,5.80,https://movie.naver.com/movie/bi/mi/basic.nhn?code=174878
20177478,https://ssl.pstatic.net/imgmovie/mdi/mit110/1369/136900_P57_104126.jpg,9.38,https://movie.naver.com/movie/bi/mi/basic.nhn?code=136900
20184261,https://ssl.pstatic.net/imgmovie/mdi/mit110/1748/174804_P11_104502.png,8.06,https://movie.naver.com/movie/bi/mi/basic.nhn?code=174804
20183801,https://ssl.pstatic.net/imgmovie/mdi/mit110/1641/164183_P00_162500.jpg,7.17,https://movie.naver.com/movie/bi/mi/basic.nhn?code=164183
20173202,https://ssl.pstatic.net/imgmovie/mdi/mit110/1892/189276_P07_165646.jpg,3.33,https://movie.naver.com/movie/bi/mi/basic.nhn?code=189276
20180789,https://ssl.pstatic.net/imgmovie/mdi/mit110/1446/144693_P08_135331.jpg,7.85,https://movie.naver.com/movie/bi/mi/basic.nhn?code=144693
20173865,https://ssl.pstatic.net/imgmovie/mdi/mit110/1671/167100_P27_113622.jpg,4.48,https://movie.naver.com/movie/bi/mi/basic.nhn?code=167100
20176053,https://ssl.pstatic.net/imgmovie/mdi/mit110/1473/147388_P08_095317.jpg,8.81,https://movie.naver.com/movie/bi/mi/basic.nhn?code=147388
20182046,https://ssl.pstatic.net/imgmovie/mdi/mit110/1798/179841_P12_153806.jpg,7.96,https://movie.naver.com/movie/bi/mi/basic.nhn?code=179841
20184513,https://ssl.pstatic.net/imgmovie/mdi/mit110/1748/174806_P01_095311.jpg,7.95,https://movie.naver.com/movie/bi/mi/basic.nhn?code=174806
20189783,https://ssl.pstatic.net/imgmovie/mdi/mit110/1693/169347_P41_140014.jpg,6.28,https://movie.naver.com/movie/bi/mi/basic.nhn?code=169347
20183321,https://ssl.pstatic.net/imgmovie/mdi/mit110/1701/170139_P14_105838.jpg,7.12,https://movie.naver.com/movie/bi/mi/basic.nhn?code=170139
20182561,https://ssl.pstatic.net/imgmovie/mdi/mit110/1572/157243_P15_104207.jpg,9.45,https://movie.naver.com/movie/bi/mi/basic.nhn?code=157243
20176067,https://ssl.pstatic.net/imgmovie/mdi/mit110/1646/164684_P13_114338.jpg,8.68,https://movie.naver.com/movie/bi/mi/basic.nhn?code=164684
